日期,时间,开盘,最高,最低,收盘,平均价,成交量,持仓量,当根K线收益率,前5根K线收益率
2023/11/8,21:00:00,3848,3862,3846,3860,3855,273804,3090780,,
2023/11/8,21:30:00,3860,3872,3859,3869,3866,180579,3121869,0.23%,
2023/11/8,22:00:00,3869,3871,3863,3863,3867,94977,3120846,-0.16%,
2023/11/8,22:30:00,3863,3870,3854,3860,3861,144625,3114080,-0.08%,
2023/11/9,9:00:00,3859,3862,3852,3859,3857,132117,3115086,-0.03%,
2023/11/9,9:30:00,3859,3868,3856,3861,3863,105219,3120932,0.05%,0.03%
2023/11/9,10:00:00,3861,3867,3857,3865,3861,90969,3125922,0.10%,-0.10%
2023/11/9,10:45:00,3865,3868,3843,3854,3855,162511,3122987,-0.28%,-0.23%
2023/11/9,11:15:00,3854,3863,3844,3850,3853,192427,3123071,-0.10%,-0.26%
2023/11/9,13:45:00,3850,3862,3844,3862,3853,123614,3123076,0.31%,0.08%
2023/11/9,14:15:00,3862,3880,3856,3863,3868,291845,3128463,0.03%,0.05%
2023/11/9,14:45:00,3863,3864,3849,3857,3856,96444,3114514,-0.16%,-0.21%
2023/11/9,21:00:00,3857,3876,3856,3873,3867,214476,3122089,0.41%,0.49%
2023/11/9,21:30:00,3873,3875,3867,3868,3871,99624,3121884,-0.13%,0.47%
2023/11/9,22:00:00,3868,3882,3865,3878,3877,139746,3126676,0.26%,0.41%
2023/11/9,22:30:00,3878,3880,3866,3874,3873,117409,3110504,-0.10%,0.28%
2023/11/10,9:00:00,3873,3880,3870,3874,3875,128928,3115270,0.00%,0.44%
2023/11/10,9:30:00,3874,3879,3869,3878,3874,86296,3124237,0.10%,0.13%
2023/11/10,10:00:00,3877,3887,3861,3865,3874,201531,3119127,-0.34%,-0.08%
2023/11/10,10:45:00,3865,3879,3864,3876,3872,88139,3121650,0.28%,-0.05%
2023/11/10,11:15:00,3876,3887,3875,3882,3882,154560,3129752,0.15%,0.21%
2023/11/10,13:45:00,3882,3886,3869,3872,3878,118220,3127406,-0.26%,-0.05%
2023/11/10,14:15:00,3871,3880,3867,3876,3874,100135,3119033,0.10%,-0.05%
2023/11/10,14:45:00,3875,3881,3874,3880,3878,76807,3113991,0.10%,0.39%
2023/11/10,21:00:00,3878,3895,3874,3891,3884,244723,3141825,0.28%,0.39%
2023/11/10,21:30:00,3891,3894,3888,3893,3891,66216,3146718,0.05%,0.28%
2023/11/10,22:00:00,3893,3895,3889,3890,3892,66590,3146086,-0.08%,0.46%
2023/11/10,22:30:00,3891,3906,3886,3903,3896,135482,3141326,0.33%,0.70%
2023/11/13,9:00:00,3904,3918,3883,3885,3898,327968,3160687,-0.46%,0.13%
2023/11/13,9:30:00,3885,3889,3867,3872,3876,246358,3146932,-0.33%,-0.49%
2023/11/13,10:00:00,3872,3873,3852,3863,3860,296001,3126150,-0.23%,-0.77%
2023/11/13,10:45:00,3863,3870,3859,3864,3865,126637,3122797,0.03%,-0.67%
2023/11/13,11:15:00,3864,3876,3862,3875,3871,118347,3110561,0.28%,-0.72%
2023/11/13,13:45:00,3875,3887,3870,3872,3880,162006,3104174,-0.08%,-0.33%
2023/11/13,14:15:00,3872,3875,3856,3873,3866,173495,3095917,0.03%,0.03%
2023/11/13,14:45:00,3873,3878,3871,3871,3874,67645,3090584,-0.05%,0.21%
2023/11/13,21:00:00,3871,3879,3862,3865,3872,241313,3137127,-0.15%,0.03%
2023/11/13,21:30:00,3865,3868,3842,3854,3852,230375,3130998,-0.28%,-0.54%
2023/11/13,22:00:00,3853,3859,3846,3848,3852,97875,3131103,-0.16%,-0.62%
2023/11/13,22:30:00,3848,3857,3847,3855,3853,71297,3121948,0.18%,-0.46%
2023/11/14,9:00:00,3856,3869,3856,3864,3865,142626,3127043,0.23%,-0.18%
2023/11/14,9:30:00,3864,3865,3852,3856,3859,88642,3130655,-0.21%,-0.23%
2023/11/14,10:00:00,3857,3859,3844,3857,3851,125133,3127830,0.03%,0.08%
2023/11/14,10:45:00,3857,3865,3850,3851,3859,104919,3127555,-0.16%,0.08%
2023/11/14,11:15:00,3852,3861,3849,3852,3854,90224,3129664,0.03%,-0.08%
2023/11/14,13:45:00,3852,3852,3836,3844,3844,168388,3140188,-0.21%,-0.52%
2023/11/14,14:15:00,3844,3848,3833,3846,3840,159234,3136741,0.05%,-0.26%
2023/11/14,14:45:00,3846,3856,3843,3853,3850,93689,3118243,0.18%,-0.10%
2023/11/14,21:00:00,3864,3911,3864,3906,3893,501278,3189936,1.38%,1.43%
2023/11/14,21:30:00,3906,3930,3906,3927,3919,299580,3215792,0.54%,1.95%
2023/11/14,22:00:00,3928,3943,3926,3938,3935,270041,3237402,0.28%,2.45%
2023/11/14,22:30:00,3938,3958,3934,3951,3947,206742,3246423,0.33%,2.73%
2023/11/15,9:00:00,3951,3952,3936,3938,3943,186642,3242414,-0.33%,2.21%
2023/11/15,9:30:00,3938,3938,3923,3929,3930,223234,3219681,-0.23%,0.59%
2023/11/15,10:00:00,3929,3937,3926,3933,3932,123494,3227378,0.10%,0.15%
2023/11/15,10:45:00,3933,3936,3929,3932,3932,72864,3228904,-0.03%,-0.15%
2023/11/15,11:15:00,3932,3941,3931,3935,3937,97128,3233356,0.08%,-0.40%
2023/11/15,13:45:00,3935,3936,3889,3904,3908,496425,3195000,-0.79%,-0.86%
2023/11/15,14:15:00,3904,3926,3897,3923,3914,250983,3203932,0.49%,-0.15%
2023/11/15,14:45:00,3922,3927,3917,3919,3923,112555,3188421,-0.10%,-0.36%
2023/11/15,21:00:00,3917,3918,3902,3905,3911,331036,3216272,-0.36%,-0.69%
2023/11/15,21:30:00,3905,3910,3897,3907,3903,199705,3219429,0.05%,-0.71%
2023/11/15,22:00:00,3906,3910,3902,3905,3907,96667,3219946,-0.05%,0.03%
2023/11/15,22:30:00,3905,3910,3904,3908,3907,67297,3211200,0.08%,-0.38%
2023/11/16,9:00:00,3908,3921,3906,3918,3915,155768,3229678,0.26%,-0.03%
2023/11/16,9:30:00,3918,3938,3911,3934,3924,168190,3244999,0.41%,0.74%
2023/11/16,10:00:00,3934,3936,3919,3932,3927,152424,3253010,-0.05%,0.64%
2023/11/16,10:45:00,3932,3947,3929,3944,3939,187546,3282862,0.31%,1.00%
2023/11/16,11:15:00,3944,3953,3935,3938,3945,248732,3290881,-0.15%,0.77%
2023/11/16,13:45:00,3938,3964,3938,3959,3955,266265,3329926,0.53%,1.05%
2023/11/16,14:15:00,3959,3963,3954,3959,3959,122600,3341582,0.00%,0.64%
2023/11/16,14:45:00,3960,3975,3959,3969,3970,177902,3338128,0.25%,0.94%
2023/11/16,21:00:00,3979,3987,3973,3982,3981,292194,3366180,0.33%,0.96%
2023/11/16,21:30:00,3982,3992,3980,3981,3986,148323,3368153,-0.03%,1.09%
2023/11/16,22:00:00,3981,3981,3966,3974,3974,177278,3360900,-0.18%,0.38%
2023/11/16,22:30:00,3973,3975,3963,3966,3968,125193,3349797,-0.20%,0.18%
2023/11/17,9:00:00,3966,3966,3946,3949,3955,264260,3346500,-0.43%,-0.50%
2023/11/17,9:30:00,3949,3957,3940,3944,3949,163801,3338763,-0.13%,-0.95%
2023/11/17,10:00:00,3944,3951,3941,3946,3947,102357,3338605,0.05%,-0.88%
2023/11/17,10:45:00,3946,3957,3945,3950,3952,96841,3346535,0.10%,-0.60%
2023/11/17,11:15:00,3950,3959,3950,3952,3955,107967,3355219,0.05%,-0.35%
2023/11/17,13:45:00,3952,3957,3925,3926,3940,241737,3339430,-0.66%,-0.58%
2023/11/17,14:15:00,3926,3937,3920,3937,3928,218121,3323156,0.28%,-0.18%
2023/11/17,14:45:00,3937,3937,3926,3928,3930,83250,3308199,-0.23%,-0.46%
2023/11/17,21:00:00,3926,3934,3912,3933,3923,279622,3319985,0.13%,-0.43%
2023/11/17,21:30:00,3933,3943,3931,3938,3937,149601,3326163,0.13%,-0.35%
2023/11/17,22:00:00,3938,3941,3933,3934,3937,78749,3326984,-0.10%,0.20%
2023/11/17,22:30:00,3934,3941,3926,3931,3933,131404,3306080,-0.08%,-0.15%
2023/11/20,9:00:00,3934,3946,3920,3945,3932,220551,3308211,0.36%,0.43%
2023/11/20,9:30:00,3945,3954,3940,3948,3947,203894,3328615,0.08%,0.38%
2023/11/20,10:00:00,3948,3955,3942,3948,3949,130403,3332546,0.00%,0.25%
2023/11/20,10:45:00,3948,3961,3946,3959,3954,103932,3335331,0.28%,0.64%
2023/11/20,11:15:00,3959,3978,3956,3974,3967,221436,3359163,0.38%,1.09%
2023/11/20,13:45:00,3975,3978,3951,3965,3962,204863,3362621,-0.23%,0.51%
2023/11/20,14:15:00,3965,3989,3964,3982,3979,300226,3391344,0.43%,0.86%
2023/11/20,14:45:00,3982,3986,3975,3977,3981,117805,3384723,-0.13%,0.73%
2023/11/20,21:00:00,3988,4016,3987,4009,4007,414711,3426364,0.80%,1.26%
2023/11/20,21:30:00,4009,4015,4005,4011,4010,146585,3437432,0.05%,0.93%
2023/11/20,22:00:00,4011,4015,4004,4012,4010,130443,3445006,0.02%,1.19%
2023/11/20,22:30:00,4012,4024,4007,4021,4018,187264,3451967,0.22%,0.98%
2023/11/21,9:00:00,4021,4026,4011,4019,4018,200405,3458349,-0.05%,1.06%
2023/11/21,9:30:00,4019,4034,4018,4033,4028,220070,3488812,0.35%,0.60%
2023/11/21,10:00:00,4033,4036,4014,4021,4025,202114,3486580,-0.30%,0.25%
2023/11/21,10:45:00,4021,4024,4008,4012,4014,142565,3478774,-0.22%,0.00%
2023/11/21,11:15:00,4013,4015,3991,4001,4001,290589,3451607,-0.27%,-0.50%
2023/11/21,13:45:00,4000,4002,3972,3981,3986,317974,3421409,-0.50%,-0.95%
2023/11/21,14:15:00,3981,3991,3980,3987,3986,173148,3423622,0.15%,-1.14%
2023/11/21,14:45:00,3987,3989,3971,3971,3980,138814,3409389,-0.40%,-1.24%
2023/11/21,21:00:00,3972,3995,3957,3991,3974,459025,3450113,0.50%,-0.52%
2023/11/21,21:30:00,3992,4001,3982,3988,3993,242916,3466610,-0.08%,-0.32%
2023/11/21,22:00:00,3988,3995,3985,3990,3990,76613,3467157,0.05%,0.23%
2023/11/21,22:30:00,3991,3991,3977,3988,3984,134549,3449869,-0.05%,0.03%
2023/11/22,9:00:00,3989,3995,3976,3991,3986,222645,3472448,0.08%,0.50%
2023/11/22,9:30:00,3991,3997,3981,3983,3989,170060,3476114,-0.20%,-0.20%
2023/11/22,10:00:00,3983,3988,3975,3981,3981,131447,3475435,-0.05%,-0.18%
2023/11/22,10:45:00,3980,3983,3965,3973,3972,156254,3465153,-0.20%,-0.43%
2023/11/22,11:15:00,3973,3986,3953,3966,3965,297189,3456478,-0.18%,-0.55%
2023/11/22,13:45:00,3967,3975,3958,3963,3966,213491,3464097,-0.08%,-0.70%
2023/11/22,14:15:00,3963,3976,3953,3975,3962,287568,3466652,0.30%,-0.20%
2023/11/22,14:45:00,3975,3999,3975,3995,3990,219123,3456801,0.50%,0.35%
2023/11/22,21:00:00,4001,4012,3984,3984,4000,425506,3461974,-0.28%,0.28%
2023/11/22,21:30:00,3984,4003,3984,3989,3993,178002,3459642,0.13%,0.58%
2023/11/22,22:00:00,3990,3992,3978,3982,3983,170740,3455074,-0.18%,0.48%
2023/11/22,22:30:00,3982,3985,3934,3934,3961,312919,3411756,-1.21%,-1.03%
2023/11/23,9:00:00,3934,3949,3934,3942,3942,354917,3412808,0.20%,-1.33%
2023/11/23,9:30:00,3942,3952,3941,3943,3947,147273,3418618,0.03%,-1.03%
2023/11/23,10:00:00,3943,3963,3942,3961,3955,202421,3424083,0.46%,-0.70%
2023/11/23,10:45:00,3961,3965,3902,3911,3925,577778,3385929,-1.26%,-1.78%
2023/11/23,11:15:00,3911,3932,3907,3930,3918,282178,3376345,0.49%,-0.10%
2023/11/23,13:45:00,3930,3948,3927,3946,3936,249345,3384979,0.41%,0.10%
2023/11/23,14:15:00,3946,3948,3934,3935,3941,161127,3399553,-0.28%,-0.20%
2023/11/23,14:45:00,3935,3951,3935,3941,3945,128982,3387428,0.15%,-0.50%
2023/11/23,21:00:00,3952,3953,3922,3927,3940,330175,3399513,-0.36%,0.41%
2023/11/23,21:30:00,3927,3929,3917,3922,3922,146187,3390802,-0.13%,-0.20%
2023/11/23,22:00:00,3923,3933,3915,3921,3924,153623,3387153,-0.03%,-0.63%
2023/11/23,22:30:00,3922,3930,3917,3929,3924,93023,3375951,0.20%,-0.15%
2023/11/24,9:00:00,3930,3940,3929,3934,3935,168320,3382022,0.13%,-0.18%
2023/11/24,9:30:00,3933,3944,3925,3942,3933,128627,3388514,0.20%,0.38%
2023/11/24,10:00:00,3943,3947,3934,3938,3941,153287,3395760,-0.10%,0.41%
2023/11/24,10:45:00,3939,3941,3930,3934,3935,132447,3395895,-0.10%,0.33%
2023/11/24,11:15:00,3934,3943,3928,3933,3937,140478,3394696,-0.03%,0.10%
2023/11/24,13:45:00,3933,3952,3931,3950,3943,154911,3414851,0.43%,0.41%
2023/11/24,14:15:00,3950,3976,3945,3972,3959,311982,3436669,0.56%,0.76%
2023/11/24,14:45:00,3972,3987,3971,3982,3978,237093,3442097,0.25%,1.12%
2023/11/24,21:00:00,3985,3987,3939,3951,3960,447398,3418861,-0.78%,0.43%
2023/11/24,21:30:00,3951,3952,3935,3939,3943,196453,3407665,-0.30%,0.15%
2023/11/24,22:00:00,3939,3947,3938,3942,3943,112562,3414286,0.08%,-0.20%
2023/11/24,22:30:00,3942,3955,3941,3950,3948,144379,3400045,0.20%,-0.55%
2023/11/27,9:00:00,3950,3965,3928,3953,3950,389906,3392032,0.08%,-0.73%
2023/11/27,9:30:00,3953,3954,3936,3938,3943,179606,3386053,-0.38%,-0.33%
2023/11/27,10:00:00,3938,3953,3933,3945,3941,169827,3397392,0.18%,0.15%
2023/11/27,10:45:00,3945,3960,3942,3960,3952,143120,3404063,0.38%,0.46%
2023/11/27,11:15:00,3960,3975,3954,3975,3965,265061,3414744,0.38%,0.63%
2023/11/27,13:45:00,3975,3981,3968,3972,3975,177240,3433999,-0.08%,0.48%
2023/11/27,14:15:00,3972,3982,3962,3975,3974,147535,3435508,0.08%,0.94%
2023/11/27,14:45:00,3975,3982,3968,3975,3975,79000,3430006,0.00%,0.76%
2023/11/27,21:00:00,3972,3972,3951,3966,3963,295566,3411168,-0.23%,0.15%
2023/11/27,21:30:00,3966,3967,3952,3955,3958,132046,3401262,-0.28%,-0.50%
2023/11/27,22:00:00,3954,3963,3951,3956,3958,93753,3400098,0.03%,-0.40%
2023/11/27,22:30:00,3956,3956,3944,3952,3950,162729,3387200,-0.10%,-0.58%
2023/11/28,9:00:00,3953,3960,3940,3943,3950,250026,3381660,-0.23%,-0.81%
2023/11/28,9:30:00,3942,3958,3941,3955,3951,167007,3409015,0.30%,-0.28%
2023/11/28,10:00:00,3955,3958,3923,3928,3934,306580,3411359,-0.68%,-0.68%
2023/11/28,10:45:00,3929,3934,3916,3928,3925,371172,3424250,0.00%,-0.71%
2023/11/28,11:15:00,3928,3936,3912,3917,3922,289809,3430067,-0.28%,-0.89%
2023/11/28,13:45:00,3917,3922,3905,3908,3913,228690,3426717,-0.23%,-0.89%
2023/11/28,14:15:00,3908,3930,3905,3925,3921,187072,3401998,0.44%,-0.76%
2023/11/28,14:45:00,3925,3932,3910,3914,3922,120993,3381223,-0.28%,-0.36%
2023/11/28,21:00:00,3917,3928,3912,3920,3919,306068,3374053,0.15%,-0.20%
2023/11/28,21:30:00,3920,3924,3916,3917,3919,90945,3371943,-0.08%,0.00%
2023/11/28,22:00:00,3917,3919,3905,3913,3911,120738,3368630,-0.10%,0.13%
2023/11/28,22:30:00,3913,3924,3911,3922,3918,96300,3358868,0.23%,-0.08%
2023/11/29,9:00:00,3922,3939,3922,3932,3931,249318,3356079,0.25%,0.46%
2023/11/29,9:30:00,3932,3936,3926,3929,3931,103644,3360114,-0.08%,0.23%
2023/11/29,10:00:00,3929,3932,3917,3921,3925,135602,3359368,-0.20%,0.10%
2023/11/29,10:45:00,3920,3928,3915,3918,3921,122268,3364630,-0.08%,0.13%
2023/11/29,11:15:00,3918,3927,3913,3920,3919,136020,3359026,0.05%,-0.05%
2023/11/29,13:45:00,3920,3924,3904,3905,3911,165053,3354338,-0.38%,-0.69%
2023/11/29,14:15:00,3905,3915,3899,3912,3907,143215,3346512,0.18%,-0.43%
2023/11/29,14:45:00,3912,3918,3908,3908,3914,86714,3335493,-0.10%,-0.33%
2023/11/29,21:00:00,3912,3916,3878,3878,3893,499352,3329005,-0.77%,-1.02%
2023/11/29,21:30:00,3878,3884,3873,3879,3879,197598,3317361,0.03%,-1.05%
2023/11/29,22:00:00,3880,3891,3877,3885,3885,117647,3314026,0.15%,-0.51%
2023/11/29,22:30:00,3885,3889,3880,3885,3885,81834,3302033,0.00%,-0.69%
2023/11/30,9:00:00,3885,3894,3883,3893,3889,153564,3293253,0.21%,-0.38%
2023/11/30,9:30:00,3892,3893,3878,3880,3884,137545,3295716,-0.33%,0.05%
2023/11/30,10:00:00,3879,3908,3871,3908,3891,299901,3312114,0.72%,0.75%
2023/11/30,10:45:00,3908,3926,3905,3919,3917,277426,3313505,0.28%,0.88%
2023/11/30,11:15:00,3919,3923,3898,3909,3909,226335,3312891,-0.26%,0.62%
2023/11/30,13:45:00,3909,3928,3908,3928,3920,200661,3313560,0.49%,0.90%
2023/11/30,14:15:00,3929,3935,3919,3922,3927,179588,3313424,-0.15%,1.08%
2023/11/30,14:45:00,3921,3929,3920,3923,3924,73490,3300477,0.03%,0.38%
2023/11/30,21:00:00,3924,3947,3922,3941,3936,315274,3294776,0.46%,0.56%
2023/11/30,21:30:00,3941,3942,3934,3940,3938,75947,3288436,-0.03%,0.79%
2023/11/30,22:00:00,3940,3941,3932,3935,3936,77296,3287685,-0.13%,0.18%
2023/11/30,22:30:00,3935,3943,3933,3942,3938,58696,3280893,0.18%,0.51%
2023/12/1,9:00:00,3941,3943,3933,3940,3937,222845,3299781,-0.05%,0.43%
2023/12/1,9:30:00,3939,3952,3939,3942,3946,149648,3303682,0.05%,0.03%
2023/12/1,10:00:00,3942,3944,3923,3929,3930,152667,3288872,-0.33%,-0.28%
2023/12/1,10:45:00,3930,3934,3917,3919,3923,167136,3283610,-0.25%,-0.41%
2023/12/1,11:15:00,3920,3937,3919,3935,3929,136324,3277378,0.41%,-0.18%
2023/12/1,13:45:00,3935,3950,3935,3949,3946,182003,3288754,0.36%,0.23%
2023/12/1,14:15:00,3949,3961,3947,3951,3954,168759,3289315,0.05%,0.23%
2023/12/1,14:45:00,3951,3954,3946,3947,3950,76966,3276279,-0.10%,0.46%
2023/12/1,21:00:00,3950,3951,3930,3939,3940,234037,3271613,-0.20%,0.51%
2023/12/1,21:30:00,3939,3950,3938,3943,3944,72664,3273809,0.10%,0.20%
2023/12/1,22:00:00,3942,3947,3940,3942,3944,51193,3272805,-0.03%,-0.18%
2023/12/1,22:30:00,3942,3944,3935,3936,3939,76485,3255935,-0.15%,-0.38%
2023/12/4,9:00:00,3937,3950,3932,3945,3943,166151,3262921,0.23%,-0.05%
2023/12/4,9:30:00,3945,3946,3912,3915,3928,221190,3244617,-0.76%,-0.61%
2023/12/4,10:00:00,3915,3919,3901,3915,3910,255969,3229769,0.00%,-0.71%
2023/12/4,10:45:00,3915,3918,3901,3903,3908,100650,3225599,-0.31%,-0.99%
2023/12/4,11:15:00,3903,3914,3900,3903,3907,101920,3225659,0.00%,-0.84%
2023/12/4,13:45:00,3903,3906,3889,3898,3897,158008,3224311,-0.13%,-1.19%
2023/12/4,14:15:00,3898,3903,3887,3887,3895,120294,3220215,-0.28%,-0.72%
2023/12/4,14:45:00,3888,3894,3883,3889,3889,122255,3206804,0.05%,-0.66%
2023/12/4,21:00:00,3887,3900,3879,3895,3887,255276,3194148,0.15%,-0.20%
2023/12/4,21:30:00,3895,3898,3880,3881,3887,104012,3192982,-0.36%,-0.56%
2023/12/4,22:00:00,3881,3898,3880,3896,3890,92001,3186062,0.39%,-0.05%
2023/12/4,22:30:00,3896,3904,3896,3900,3901,99254,3178980,0.10%,0.33%
2023/12/5,9:00:00,3900,3906,3892,3902,3898,132619,3193794,0.05%,0.33%
2023/12/5,9:30:00,3902,3904,3888,3890,3896,99145,3190485,-0.31%,-0.13%
2023/12/5,10:00:00,3889,3895,3884,3894,3889,96111,3183911,0.10%,0.33%
2023/12/5,10:45:00,3894,3895,3877,3880,3883,125352,3175917,-0.36%,-0.41%
2023/12/5,11:15:00,3880,3897,3880,3896,3889,96555,3167461,0.41%,-0.10%
2023/12/5,13:45:00,3897,3901,3891,3893,3896,84027,3168042,-0.08%,-0.23%
2023/12/5,14:15:00,3893,3895,3879,3880,3885,101089,3158358,-0.33%,-0.26%
2023/12/5,14:45:00,3880,3889,3878,3884,3884,58963,3150944,0.10%,-0.26%
2023/12/5,21:00:00,3885,3885,3865,3872,3874,262355,3151960,-0.31%,-0.21%
2023/12/5,21:30:00,3872,3879,3867,3869,3872,130971,3155722,-0.08%,-0.69%
2023/12/5,22:00:00,3869,3874,3867,3874,3871,54487,3153661,0.13%,-0.49%
2023/12/5,22:30:00,3874,3898,3872,3894,3887,168786,3141063,0.52%,0.36%
2023/12/6,9:00:00,3894,3896,3882,3888,3890,120737,3145370,-0.15%,0.10%
2023/12/6,9:30:00,3888,3910,3884,3909,3901,182284,3145569,0.54%,0.96%
2023/12/6,10:00:00,3909,3909,3900,3904,3905,82068,3149978,-0.13%,0.90%
2023/12/6,10:45:00,3904,3907,3899,3902,3903,61831,3150663,-0.05%,0.72%
2023/12/6,11:15:00,3902,3932,3902,3921,3920,226300,3163578,0.49%,0.69%
2023/12/6,13:45:00,3921,3927,3918,3927,3922,95508,3169061,0.15%,1.00%
2023/12/6,14:15:00,3926,3930,3923,3925,3926,81812,3174513,-0.05%,0.41%
2023/12/6,14:45:00,3925,3933,3921,3933,3927,95105,3168391,0.20%,0.74%
2023/12/6,21:00:00,3933,3952,3926,3949,3939,308836,3200588,0.41%,1.20%
2023/12/6,21:30:00,3949,3968,3949,3967,3962,295595,3200867,0.46%,1.17%
2023/12/6,22:00:00,3967,3972,3960,3967,3967,135426,3203855,0.00%,1.02%
2023/12/6,22:30:00,3967,3972,3964,3964,3967,104016,3195937,-0.08%,0.99%
2023/12/7,9:00:00,3964,3966,3950,3966,3959,179315,3205099,0.05%,0.84%
2023/12/7,9:30:00,3965,3979,3960,3965,3970,171549,3210445,-0.03%,0.41%
2023/12/7,10:00:00,3966,3973,3962,3969,3968,63848,3213620,0.10%,0.05%
2023/12/7,10:45:00,3968,3989,3967,3979,3981,148116,3223871,0.25%,0.30%
2023/12/7,11:15:00,3979,3992,3978,3988,3985,108788,3231263,0.23%,0.61%
2023/12/7,13:45:00,3988,3990,3979,3986,3984,72898,3231077,-0.05%,0.50%
2023/12/7,14:15:00,3986,3996,3984,3995,3990,86750,3233304,0.23%,0.76%
2023/12/7,14:45:00,3995,3999,3990,3991,3995,84909,3231828,-0.10%,0.55%
2023/12/7,21:00:00,3987,3996,3978,3979,3987,189866,3225649,-0.30%,0.00%
2023/12/7,21:30:00,3979,4013,3973,4009,3994,264511,3247506,0.75%,0.53%
2023/12/7,22:00:00,4009,4027,4005,4024,4015,160464,3254756,0.37%,0.95%
2023/12/7,22:30:00,4024,4037,4019,4021,4027,165358,3252206,-0.07%,0.65%
2023/12/8,9:00:00,4020,4028,4019,4022,4023,91760,3255914,0.02%,0.78%
2023/12/8,9:30:00,4022,4029,4020,4025,4025,65146,3259283,0.07%,1.16%
2023/12/8,10:00:00,4025,4035,4023,4024,4029,81417,3262974,-0.02%,0.37%
2023/12/8,10:45:00,4024,4027,4007,4015,4015,146676,3253162,-0.22%,-0.22%
2023/12/8,11:15:00,4015,4018,4005,4005,4011,82821,3250304,-0.25%,-0.40%
2023/12/8,13:45:00,4005,4017,3997,4015,4007,116991,3250049,0.25%,-0.17%
2023/12/8,14:15:00,4015,4021,4011,4015,4016,75077,3251450,0.00%,-0.25%
2023/12/8,14:45:00,4015,4015,4004,4014,4009,72765,3245831,-0.02%,-0.25%
2023/12/8,21:00:00,4017,4020,4002,4017,4010,180701,3246660,0.07%,0.05%
2023/12/8,21:30:00,4017,4039,4013,4034,4028,242432,3264131,0.42%,0.72%
2023/12/8,22:00:00,4035,4045,4030,4042,4037,102907,3273107,0.20%,0.67%
2023/12/8,22:30:00,4042,4043,4013,4017,4026,170056,3257760,-0.62%,0.05%
2023/12/11,9:00:00,4017,4017,3988,3992,4003,287428,3262924,-0.62%,-0.55%
2023/12/11,9:30:00,3992,4000,3984,3992,3993,166074,3254703,0.00%,-0.62%
2023/12/11,10:00:00,3992,4003,3987,3989,3993,126511,3246230,-0.08%,-1.12%
2023/12/11,10:45:00,3989,4001,3988,3997,3994,89097,3243762,0.20%,-1.11%
2023/12/11,11:15:00,3997,4010,3995,4005,4003,102258,3243676,0.20%,-0.30%
2023/12/11,13:45:00,4005,4015,4001,4015,4009,87297,3244260,0.25%,0.58%
2023/12/11,14:15:00,4015,4017,4006,4009,4011,82083,3242528,-0.15%,0.43%
2023/12/11,14:45:00,4010,4013,3996,4000,4001,87067,3229639,-0.22%,0.28%
2023/12/11,21:00:00,3999,4013,3998,4009,4005,151565,3229600,0.23%,0.30%
2023/12/11,21:30:00,4009,4009,3986,3993,3997,147653,3228817,-0.40%,-0.30%
2023/12/11,22:00:00,3994,4008,3992,4004,4002,99043,3233606,0.28%,-0.27%
2023/12/11,22:30:00,4004,4010,4000,4007,4006,66131,3230422,0.07%,-0.05%
2023/12/12,9:00:00,4007,4013,4002,4004,4007,90187,3228676,-0.07%,0.10%
2023/12/12,9:30:00,4004,4025,4002,4017,4016,165319,3233606,0.32%,0.20%
2023/12/12,10:00:00,4017,4023,3997,4016,4011,212728,3230258,-0.02%,0.58%
2023/12/12,10:45:00,4015,4020,4010,4019,4016,76030,3236038,0.07%,0.37%
2023/12/12,11:15:00,4019,4034,4015,4032,4026,155498,3249170,0.32%,0.62%
2023/12/12,13:45:00,4031,4035,4026,4030,4030,90602,3252440,-0.05%,0.65%
2023/12/12,14:15:00,4030,4036,4026,4032,4030,81168,3244000,0.05%,0.37%
2023/12/12,14:45:00,4031,4040,4031,4039,4035,107894,3246838,0.17%,0.57%
2023/12/12,21:00:00,4030,4034,4018,4021,4027,237027,3242971,-0.45%,0.05%
2023/12/12,21:30:00,4021,4024,4010,4015,4016,169705,3228461,-0.15%,-0.42%
2023/12/12,22:00:00,4015,4018,4008,4012,4012,94728,3225903,-0.07%,-0.45%
2023/12/12,22:30:00,4012,4012,3998,4002,4003,194390,3211001,-0.25%,-0.74%
2023/12/13,9:00:00,4002,4003,3991,3999,3997,146961,3207446,-0.07%,-0.99%
2023/12/13,9:30:00,3999,4008,3998,4003,4003,93291,3206516,0.10%,-0.45%
2023/12/13,10:00:00,4002,4005,3995,4004,4000,72861,3203653,0.02%,-0.27%
2023/12/13,10:45:00,4004,4004,3962,3964,3975,475260,3169332,-1.00%,-1.20%
2023/12/13,11:15:00,3964,3967,3921,3934,3944,479985,3140126,-0.76%,-1.70%
2023/12/13,13:45:00,3934,3942,3922,3938,3932,245582,3136632,0.10%,-1.53%
2023/12/13,14:15:00,3938,3939,3926,3928,3932,111746,3129316,-0.25%,-1.87%
2023/12/13,14:45:00,3927,3934,3924,3929,3929,87162,3110244,0.03%,-1.87%
2023/12/13,21:00:00,3935,3940,3925,3930,3933,220093,3116602,0.03%,-0.86%
2023/12/13,21:30:00,3929,3942,3928,3940,3935,76985,3116473,0.25%,0.15%
2023/12/13,22:00:00,3940,3943,3932,3937,3938,84825,3114978,-0.08%,-0.03%
2023/12/13,22:30:00,3937,3945,3935,3944,3941,82765,3108996,0.18%,0.41%
2023/12/14,9:00:00,3944,3962,3943,3946,3953,205930,3100793,0.05%,0.43%
2023/12/14,9:30:00,3945,3947,3936,3941,3941,90974,3098670,-0.13%,0.28%
2023/12/14,10:00:00,3940,3941,3925,3934,3931,120312,3095338,-0.18%,-0.15%
2023/12/14,10:45:00,3934,3950,3928,3943,3941,126917,3092499,0.23%,0.15%
2023/12/14,11:15:00,3943,3948,3922,3925,3934,170494,3094831,-0.46%,-0.48%
2023/12/14,13:45:00,3925,3928,3914,3921,3921,197817,3080464,-0.10%,-0.63%
2023/12/14,14:15:00,3921,3927,3917,3925,3922,86441,3078927,0.10%,-0.41%
2023/12/14,14:45:00,3925,3929,3910,3913,3917,143594,3061528,-0.31%,-0.53%
2023/12/14,21:00:00,3917,3933,3915,3929,3923,233367,3069115,0.41%,-0.36%
2023/12/14,21:30:00,3929,3944,3929,3936,3937,150806,3059033,0.18%,0.28%
2023/12/14,22:00:00,3936,3941,3932,3936,3936,72859,3055228,0.00%,0.38%
2023/12/14,22:30:00,3936,3939,3926,3930,3931,84917,3050468,-0.15%,0.13%
2023/12/15,9:00:00,3930,3941,3928,3939,3934,102374,3051253,0.23%,0.66%
2023/12/15,9:30:00,3939,3943,3922,3927,3932,110053,3047762,-0.30%,-0.05%
2023/12/15,10:00:00,3927,3942,3926,3935,3935,153602,3041062,0.20%,-0.03%
2023/12/15,10:45:00,3935,3946,3932,3933,3939,144313,3043118,-0.05%,-0.08%
2023/12/15,11:15:00,3933,3938,3899,3904,3914,315515,3049645,-0.74%,-0.66%
2023/12/15,13:45:00,3904,3906,3883,3888,3893,286848,3064583,-0.41%,-1.29%
2023/12/15,14:15:00,3888,3901,3882,3892,3891,223162,3057562,0.10%,-0.89%
2023/12/15,14:45:00,3892,3903,3892,3901,3899,92322,3030936,0.23%,-0.86%
2023/12/15,21:00:00,3907,3908,3892,3897,3899,174976,3031650,-0.10%,-0.92%
2023/12/15,21:30:00,3897,3900,3891,3896,3895,104789,3031544,-0.03%,-0.20%
2023/12/15,22:00:00,3897,3901,3885,3886,3891,158127,3030893,-0.26%,-0.05%
2023/12/15,22:30:00,3886,3903,3883,3902,3894,165711,3018204,0.41%,0.26%
2023/12/18,9:00:00,3901,3905,3886,3901,3895,234060,3023295,-0.03%,0.00%
2023/12/18,9:30:00,3901,3904,3893,3900,3899,98400,3024896,-0.03%,0.08%
2023/12/18,10:00:00,3900,3905,3896,3898,3900,81382,3024959,-0.05%,0.05%
2023/12/18,10:45:00,3898,3913,3897,3913,3905,103095,3024685,0.38%,0.69%
2023/12/18,11:15:00,3912,3921,3911,3917,3916,188943,3013856,0.10%,0.38%
2023/12/18,13:45:00,3918,3928,3915,3918,3922,142712,3012118,0.03%,0.44%
2023/12/18,14:15:00,3918,3928,3914,3926,3923,113064,3020131,0.20%,0.67%
2023/12/18,14:45:00,3926,3931,3922,3924,3927,75039,3004051,-0.05%,0.67%
2023/12/18,21:00:00,3925,3936,3921,3927,3928,203011,2996310,0.08%,0.36%
2023/12/18,21:30:00,3927,3931,3919,3931,3924,75851,2994417,0.10%,0.36%
2023/12/18,22:00:00,3931,3934,3927,3930,3931,74411,2997346,-0.03%,0.31%
2023/12/18,22:30:00,3930,3930,3921,3924,3924,75189,2984973,-0.15%,-0.05%
2023/12/19,9:00:00,3924,3928,3916,3917,3921,106727,2986883,-0.18%,-0.18%
2023/12/19,9:30:00,3916,3923,3910,3920,3917,102985,2989695,0.08%,-0.18%
2023/12/19,10:00:00,3920,3943,3920,3934,3934,170137,2990286,0.36%,0.08%
2023/12/19,10:45:00,3934,3937,3929,3936,3933,68949,2993998,0.05%,0.15%
2023/12/19,11:15:00,3936,3937,3904,3912,3916,242362,2987434,-0.61%,-0.31%
2023/12/19,13:45:00,3912,3916,3907,3915,3912,102477,2988668,0.08%,-0.05%
2023/12/19,14:15:00,3915,3936,3912,3929,3925,151410,2983287,0.36%,0.23%
2023/12/19,14:45:00,3930,3933,3919,3922,3927,73222,2977284,-0.18%,-0.31%
2023/12/19,21:00:00,3926,3929,3914,3920,3923,160673,2980998,-0.05%,-0.41%
2023/12/19,21:30:00,3920,3922,3911,3913,3916,79773,2978122,-0.18%,0.03%
2023/12/19,22:00:00,3913,3925,3911,3921,3920,71670,2973246,0.20%,0.15%
2023/12/19,22:30:00,3921,3930,3921,3923,3925,68001,2966965,0.05%,-0.15%
2023/12/20,9:00:00,3923,3937,3923,3937,3931,122019,2976005,0.36%,0.38%
2023/12/20,9:30:00,3936,3946,3932,3937,3939,160404,2977750,0.00%,0.43%
2023/12/20,10:00:00,3937,3939,3928,3930,3932,80779,2969216,-0.18%,0.43%
2023/12/20,10:45:00,3930,3939,3925,3938,3933,103390,2972570,0.20%,0.43%
2023/12/20,11:15:00,3938,3947,3929,3943,3940,145071,2980372,0.13%,0.51%
2023/12/20,13:45:00,3943,3950,3940,3947,3944,95089,2976459,0.10%,0.25%
2023/12/20,14:15:00,3947,3947,3935,3938,3939,97019,2962341,-0.23%,0.03%
2023/12/20,14:45:00,3938,3939,3932,3935,3935,59682,2946560,-0.08%,0.13%
2023/12/20,21:00:00,3935,3935,3919,3922,3925,214738,2932604,-0.33%,-0.41%
2023/12/20,21:30:00,3922,3930,3921,3923,3926,71167,2932405,0.03%,-0.51%
2023/12/20,22:00:00,3923,3937,3922,3932,3929,93798,2924372,0.23%,-0.38%
2023/12/20,22:30:00,3932,3940,3929,3935,3935,78023,2912670,0.08%,-0.08%
2023/12/21,9:00:00,3934,3942,3928,3938,3936,137719,2919060,0.08%,0.08%
2023/12/21,9:30:00,3938,3940,3930,3934,3933,73217,2917014,-0.10%,0.31%
2023/12/21,10:00:00,3934,3945,3929,3941,3938,123748,2916449,0.18%,0.46%
2023/12/21,10:45:00,3941,3964,3940,3958,3954,227163,2928424,0.43%,0.66%
2023/12/21,11:15:00,3958,3973,3952,3969,3962,227777,2940113,0.28%,0.86%
2023/12/21,13:45:00,3968,3973,3964,3968,3968,117778,2948817,-0.03%,0.76%
2023/12/21,14:15:00,3968,3979,3965,3975,3972,143202,2951736,0.18%,1.04%
2023/12/21,14:45:00,3975,3978,3972,3977,3976,89912,2946513,0.05%,0.91%
2023/12/21,21:00:00,3977,3985,3971,3976,3978,238887,2932174,-0.03%,0.45%
2023/12/21,21:30:00,3976,3987,3975,3986,3981,95485,2934979,0.25%,0.43%
2023/12/21,22:00:00,3986,3987,3976,3978,3979,75020,2930994,-0.20%,0.25%
2023/12/21,22:30:00,3978,3979,3974,3976,3977,52559,2920069,-0.05%,0.03%
2023/12/22,9:00:00,3976,3985,3976,3982,3980,89520,2914564,0.15%,0.13%
2023/12/22,9:30:00,3982,4001,3976,3999,3992,193339,2913148,0.43%,0.58%
2023/12/22,10:00:00,3999,4013,3990,4009,4003,196276,2905589,0.25%,0.58%
2023/12/22,10:45:00,4009,4017,4008,4012,4012,123283,2906165,0.07%,0.85%
2023/12/22,11:15:00,4011,4013,3993,4000,4002,134834,2898378,-0.30%,0.60%
2023/12/22,13:45:00,3999,4000,3985,3996,3992,138218,2891271,-0.10%,0.35%
2023/12/22,14:15:00,3996,4002,3989,4000,3997,86715,2890082,0.10%,0.03%
2023/12/22,14:45:00,4000,4003,3992,3994,3998,64254,2876919,-0.15%,-0.37%
2023/12/22,21:00:00,3991,3993,3982,3984,3988,177688,2858247,-0.25%,-0.70%
2023/12/22,21:30:00,3985,3993,3984,3992,3989,61130,2858937,0.20%,-0.20%
2023/12/22,22:00:00,3992,3996,3988,3989,3991,57413,2858432,-0.08%,-0.18%
2023/12/22,22:30:00,3989,3994,3985,3986,3990,56544,2846753,-0.08%,-0.35%
2023/12/25,9:00:00,3986,4003,3977,4001,3988,202923,2840892,0.38%,0.18%
2023/12/25,9:30:00,4002,4004,3995,4000,3999,84931,2852193,-0.02%,0.40%
2023/12/25,10:00:00,4000,4002,3990,3992,3995,69441,2850832,-0.20%,0.00%
2023/12/25,10:45:00,3991,3992,3978,3980,3984,143896,2834765,-0.30%,-0.23%
2023/12/25,11:15:00,3980,3990,3975,3985,3982,103654,2829679,0.13%,-0.03%
2023/12/25,13:45:00,3986,3993,3982,3988,3987,74709,2830191,0.08%,-0.32%
2023/12/25,14:15:00,3988,3999,3987,3997,3994,86787,2832043,0.23%,-0.08%
2023/12/25,14:45:00,3997,4000,3991,3992,3995,64309,2826329,-0.13%,0.00%
2023/12/25,21:00:00,3993,4013,3992,4011,4003,240709,2825175,0.48%,0.78%
2023/12/25,21:30:00,4011,4013,4006,4011,4010,55252,2831275,0.00%,0.65%
2023/12/25,22:00:00,4011,4011,4004,4006,4007,46161,2829617,-0.12%,0.45%
2023/12/25,22:30:00,4006,4017,4005,4013,4013,80500,2829493,0.17%,0.40%
2023/12/26,9:00:00,4013,4024,4013,4016,4017,167227,2805052,0.07%,0.60%
2023/12/26,9:30:00,4016,4016,4006,4013,4012,95302,2803563,-0.07%,0.05%
2023/12/26,10:00:00,4013,4021,4007,4009,4013,83886,2809768,-0.10%,-0.05%
2023/12/26,10:45:00,4009,4019,4008,4017,4013,61877,2813387,0.20%,0.27%
2023/12/26,11:15:00,4017,4018,4003,4008,4009,87137,2815084,-0.22%,-0.12%
2023/12/26,13:45:00,4008,4029,4006,4025,4021,169863,2822313,0.42%,0.22%
2023/12/26,14:15:00,4025,4030,4014,4016,4023,146337,2817452,-0.22%,0.07%
2023/12/26,14:45:00,4016,4021,4013,4015,4016,62297,2807404,-0.02%,0.15%
2023/12/26,21:00:00,4014,4017,4007,4009,4012,207619,2754043,-0.15%,-0.20%
2023/12/26,21:30:00,4009,4013,4007,4012,4010,48124,2754992,0.07%,0.10%
2023/12/26,22:00:00,4012,4017,4010,4015,4014,44172,2756030,0.07%,-0.25%
2023/12/26,22:30:00,4015,4015,3985,3990,3996,263513,2723987,-0.62%,-0.65%
2023/12/27,9:00:00,3990,4001,3985,3994,3993,160919,2704684,0.10%,-0.52%
2023/12/27,9:30:00,3994,4000,3991,3996,3996,65548,2705160,0.05%,-0.32%
2023/12/27,10:00:00,3996,4003,3995,4002,3999,69417,2703071,0.15%,-0.25%
2023/12/27,10:45:00,4001,4010,4000,4000,4005,81926,2707562,-0.05%,-0.37%
2023/12/27,11:15:00,4000,4017,4000,4009,4009,122497,2709744,0.23%,0.48%
2023/12/27,13:45:00,4009,4017,4006,4016,4012,64957,2711636,0.17%,0.55%
2023/12/27,14:15:00,4016,4024,4013,4019,4021,140046,2720772,0.07%,0.58%
2023/12/27,14:45:00,4019,4020,4013,4014,4016,58466,2707923,-0.12%,0.30%
2023/12/27,21:00:00,4015,4018,4009,4010,4013,150124,2690167,-0.10%,0.25%
2023/12/27,21:30:00,4010,4012,4005,4007,4008,65068,2691086,-0.07%,-0.05%
2023/12/27,22:00:00,4007,4010,3998,4002,4003,106115,2683819,-0.12%,-0.35%
2023/12/27,22:30:00,4002,4008,3994,4005,4001,110367,2672315,0.07%,-0.35%
2023/12/28,9:00:00,4005,4012,4002,4009,4007,91345,2676996,0.10%,-0.12%
2023/12/28,9:30:00,4009,4013,4001,4009,4006,84666,2669963,0.00%,-0.02%
2023/12/28,10:00:00,4008,4012,4000,4003,4006,96910,2663928,-0.15%,-0.10%
2023/12/28,10:45:00,4003,4010,3998,3999,4004,79294,2664741,-0.10%,-0.07%
2023/12/28,11:15:00,3999,4008,3989,4007,3996,235547,2656767,0.20%,0.05%
2023/12/28,13:45:00,4007,4010,3994,3995,4003,121765,2657043,-0.30%,-0.35%
2023/12/28,14:15:00,3994,3997,3975,3978,3985,253095,2652230,-0.43%,-0.77%
2023/12/28,14:45:00,3978,3989,3977,3988,3985,89198,2630064,0.25%,-0.37%
2023/12/28,21:00:00,3982,3996,3982,3995,3989,172206,2609473,0.18%,-0.10%
2023/12/28,21:30:00,3995,4005,3995,4003,4001,124016,2608771,0.20%,-0.10%
2023/12/28,22:00:00,4002,4006,4001,4001,4003,56718,2609692,-0.05%,0.15%
2023/12/28,22:30:00,4001,4005,4000,4004,4003,43850,2603558,0.07%,0.65%
2023/12/29,9:00:00,4004,4004,3996,3999,4001,99956,2592232,-0.12%,0.28%
2023/12/29,9:30:00,3999,4004,3994,3995,3999,76335,2583539,-0.10%,0.00%
2023/12/29,10:00:00,3995,3996,3973,3978,3982,259999,2555976,-0.43%,-0.62%
2023/12/29,10:45:00,3978,3993,3977,3989,3985,143411,2541098,0.28%,-0.30%
2023/12/29,11:15:00,3989,4005,3989,3997,3998,168991,2528114,0.20%,-0.17%
2023/12/29,13:45:00,3997,3998,3988,3996,3993,79616,2517460,-0.03%,-0.08%
2023/12/29,14:15:00,3996,4002,3988,3990,3996,120139,2497746,-0.15%,-0.13%
2023/12/29,14:45:00,3990,3997,3988,3993,3994,80040,2475870,0.08%,0.38%
2024/1/2,9:00:00,3996,4038,3977,4031,4012,525401,2464997,0.95%,1.05%
2024/1/2,9:30:00,4031,4032,4022,4026,4027,75618,2483514,-0.12%,0.73%
2024/1/2,10:00:00,4027,4047,4022,4043,4037,188641,2534396,0.42%,1.18%
2024/1/2,10:45:00,4043,4043,4035,4039,4038,72312,2544784,-0.10%,1.23%
2024/1/2,11:15:00,4039,4042,4034,4040,4038,65659,2553944,0.02%,1.18%
2024/1/2,13:45:00,4040,4040,4035,4037,4038,39443,2559720,-0.07%,0.15%
2024/1/2,14:15:00,4037,4038,4029,4037,4032,80932,2555824,0.00%,0.27%
2024/1/2,14:45:00,4038,4038,4028,4036,4034,56414,2551003,-0.02%,-0.17%
2024/1/2,21:00:00,4075,4075,4031,4044,4047,249080,2550075,0.20%,0.12%
2024/1/2,21:30:00,4044,4050,4043,4046,4046,69350,2549901,0.05%,0.15%
2024/1/2,22:00:00,4045,4048,4040,4041,4044,62449,2546570,-0.12%,0.10%
2024/1/2,22:30:00,4041,4043,4039,4041,4041,43943,2538488,0.00%,0.10%
2024/1/3,9:00:00,4041,4052,4037,4047,4045,116509,2536538,0.15%,0.27%
2024/1/3,9:30:00,4048,4061,4046,4056,4055,121559,2562468,0.22%,0.30%
2024/1/3,10:00:00,4057,4057,4046,4049,4051,72704,2562597,-0.17%,0.07%
2024/1/3,10:45:00,4049,4050,4034,4038,4042,90421,2555939,-0.27%,-0.07%
2024/1/3,11:15:00,4037,4045,4037,4041,4041,63276,2554278,0.07%,0.00%
2024/1/3,13:45:00,4041,4047,4036,4043,4041,58518,2550243,0.05%,-0.10%
2024/1/3,14:15:00,4043,4052,4042,4052,4047,69262,2546407,0.22%,-0.10%
2024/1/3,14:45:00,4052,4053,4043,4044,4047,55579,2536097,-0.20%,-0.12%
2024/1/3,21:00:00,4044,4045,4034,4038,4039,139346,2522271,-0.15%,0.00%
2024/1/3,21:30:00,4037,4040,4030,4037,4034,76462,2513653,-0.02%,-0.10%
2024/1/3,22:00:00,4037,4042,4035,4036,4039,51435,2512625,-0.02%,-0.17%
2024/1/3,22:30:00,4036,4045,4032,4038,4038,56615,2504845,0.05%,-0.35%
2024/1/4,9:00:00,4038,4049,4038,4045,4044,99075,2496238,0.17%,0.02%
2024/1/4,9:30:00,4045,4045,4038,4043,4042,73681,2498440,-0.05%,0.12%
2024/1/4,10:00:00,4043,4047,4025,4028,4033,138488,2491679,-0.37%,-0.22%
2024/1/4,10:45:00,4028,4030,4017,4018,4023,136050,2485620,-0.25%,-0.45%
2024/1/4,11:15:00,4018,4031,4017,4023,4024,120355,2480706,0.12%,-0.37%
2024/1/4,13:45:00,4023,4041,4023,4036,4034,113974,2475402,0.32%,-0.22%
2024/1/4,14:15:00,4036,4043,4035,4038,4039,62173,2483632,0.05%,-0.12%
2024/1/4,14:45:00,4037,4037,4031,4034,4034,41039,2471474,-0.10%,0.15%
2024/1/4,21:00:00,4034,4041,4026,4028,4033,150509,2452868,-0.15%,0.25%
2024/1/4,21:30:00,4028,4029,4023,4027,4026,65209,2450672,-0.02%,0.10%
2024/1/4,22:00:00,4027,4028,4009,4012,4018,129751,2440935,-0.37%,-0.59%
2024/1/4,22:30:00,4012,4019,4010,4019,4014,80941,2424742,0.17%,-0.47%
2024/1/5,9:00:00,4019,4024,4000,4005,4013,169802,2414343,-0.35%,-0.72%
2024/1/5,9:30:00,4004,4008,3996,4001,4003,109878,2421299,-0.10%,-0.67%
2024/1/5,10:00:00,4002,4004,3986,3987,3992,188748,2421986,-0.35%,-0.99%
2024/1/5,10:45:00,3987,4001,3986,3995,3996,91914,2415678,0.20%,-0.42%
2024/1/5,11:15:00,3994,3998,3986,3989,3992,94512,2422301,-0.15%,-0.75%
2024/1/5,13:45:00,3989,3989,3977,3985,3982,143080,2414410,-0.10%,-0.50%
2024/1/5,14:15:00,3985,3986,3968,3971,3975,149367,2410266,-0.35%,-0.75%
2024/1/5,14:45:00,3971,3974,3959,3966,3966,144210,2379428,-0.13%,-0.53%
2024/1/5,21:00:00,3971,3972,3951,3958,3961,203805,2374436,-0.20%,-0.93%
2024/1/5,21:30:00,3959,3968,3952,3965,3960,96052,2363110,0.18%,-0.60%
2024/1/5,22:00:00,3966,3970,3960,3962,3965,73101,2356246,-0.08%,-0.58%
2024/1/5,22:30:00,3962,3967,3956,3960,3962,65379,2346055,-0.05%,-0.28%
2024/1/8,9:00:00,3960,3963,3947,3951,3952,159009,2338428,-0.23%,-0.38%
2024/1/8,9:30:00,3952,3956,3947,3949,3952,58725,2339556,-0.05%,-0.23%
2024/1/8,10:00:00,3949,3958,3947,3957,3952,72198,2339783,0.20%,-0.20%
2024/1/8,10:45:00,3957,3957,3942,3944,3948,83059,2336849,-0.33%,-0.45%
2024/1/8,11:15:00,3943,3946,3925,3927,3934,192033,2331046,-0.43%,-0.83%
2024/1/8,13:45:00,3928,3945,3927,3943,3936,100754,2316225,0.41%,-0.20%
2024/1/8,14:15:00,3943,3943,3932,3936,3938,59618,2312339,-0.18%,-0.33%
2024/1/8,14:45:00,3937,3941,3934,3939,3938,48982,2302529,0.08%,-0.45%
2024/1/8,21:00:00,3937,3950,3937,3942,3943,146305,2274332,0.08%,-0.05%
2024/1/8,21:30:00,3942,3944,3933,3936,3937,75857,2278422,-0.15%,0.23%
2024/1/8,22:00:00,3936,3939,3932,3937,3935,31093,2277101,0.03%,-0.15%
2024/1/8,22:30:00,3937,3946,3936,3945,3941,52289,2272035,0.20%,0.23%
2024/1/9,9:00:00,3946,3949,3935,3944,3943,119185,2245444,-0.03%,0.13%
2024/1/9,9:30:00,3944,3947,3936,3938,3942,55780,2248155,-0.15%,-0.10%
2024/1/9,10:00:00,3938,3938,3931,3935,3934,80062,2251795,-0.08%,-0.03%
2024/1/9,10:45:00,3935,3943,3924,3942,3933,130586,2253898,0.18%,0.13%
2024/1/9,11:15:00,3942,3946,3934,3946,3941,93378,2253539,0.10%,0.03%
2024/1/9,13:45:00,3946,3948,3928,3931,3936,102034,2257734,-0.38%,-0.33%
2024/1/9,14:15:00,3930,3936,3928,3931,3932,65439,2261444,0.00%,-0.18%
2024/1/9,14:45:00,3930,3935,3926,3933,3930,65614,2258594,0.05%,-0.05%
2024/1/9,21:00:00,3934,3936,3922,3924,3929,162225,2233188,-0.23%,-0.46%
2024/1/9,21:30:00,3924,3927,3922,3925,3924,56349,2238010,0.03%,-0.53%
2024/1/9,22:00:00,3925,3928,3924,3926,3926,34582,2237238,0.03%,-0.13%
2024/1/9,22:30:00,3925,3928,3918,3919,3922,85095,2228924,-0.18%,-0.31%
2024/1/10,9:00:00,3919,3919,3905,3906,3912,181263,2238665,-0.33%,-0.69%
2024/1/10,9:30:00,3905,3916,3903,3914,3908,100789,2239142,0.20%,-0.25%
2024/1/10,10:00:00,3913,3927,3907,3908,3917,145829,2222192,-0.15%,-0.43%
2024/1/10,10:45:00,3907,3908,3895,3896,3901,167473,2228338,-0.31%,-0.76%
2024/1/10,11:15:00,3896,3901,3894,3899,3898,76387,2237088,0.08%,-0.51%
2024/1/10,13:45:00,3899,3906,3896,3897,3902,76174,2244977,-0.05%,-0.23%
2024/1/10,14:15:00,3897,3899,3880,3884,3890,225844,2254728,-0.33%,-0.77%
2024/1/10,14:45:00,3884,3884,3877,3879,3881,114687,2259752,-0.13%,-0.74%
2024/1/10,21:00:00,3874,3885,3873,3876,3879,170943,2260022,-0.08%,-0.51%
2024/1/10,21:30:00,3875,3891,3874,3887,3884,115569,2247977,0.28%,-0.31%
2024/1/10,22:00:00,3887,3894,3885,3894,3890,81440,2236958,0.18%,-0.08%
2024/1/10,22:30:00,3894,3902,3893,3898,3897,88858,2220916,0.10%,0.36%
2024/1/11,9:00:00,3898,3905,3896,3899,3900,95794,2213665,0.03%,0.52%
2024/1/11,9:30:00,3899,3903,3894,3896,3899,59882,2217960,-0.08%,0.52%
2024/1/11,10:00:00,3896,3899,3891,3897,3895,57249,2220194,0.03%,0.26%
2024/1/11,10:45:00,3897,3910,3896,3907,3903,78117,2217283,0.26%,0.33%
2024/1/11,11:15:00,3907,3921,3905,3914,3914,168185,2212434,0.18%,0.41%
2024/1/11,13:45:00,3914,3915,3906,3909,3910,79163,2211770,-0.13%,0.26%
2024/1/11,14:15:00,3909,3914,3904,3912,3910,53182,2211058,0.08%,0.41%
2024/1/11,14:45:00,3913,3919,3912,3916,3916,60230,2203444,0.10%,0.49%
2024/1/11,21:00:00,3916,3922,3908,3918,3915,154369,2199500,0.05%,0.28%
2024/1/11,21:30:00,3918,3919,3910,3911,3915,58003,2198367,-0.18%,-0.08%
2024/1/11,22:00:00,3911,3912,3902,3907,3906,90149,2200133,-0.10%,-0.05%
2024/1/11,22:30:00,3907,3910,3893,3900,3900,129346,2202607,-0.18%,-0.31%
2024/1/12,9:00:00,3900,3910,3897,3903,3903,118353,2177558,0.08%,-0.33%
2024/1/12,9:30:00,3903,3915,3899,3912,3908,76798,2176668,0.23%,-0.15%
2024/1/12,10:00:00,3911,3915,3908,3914,3912,56916,2177702,0.05%,0.08%
2024/1/12,10:45:00,3914,3919,3911,3916,3916,62438,2171326,0.05%,0.23%
2024/1/12,11:15:00,3916,3917,3903,3903,3909,71058,2167705,-0.33%,0.08%
2024/1/12,13:45:00,3903,3907,3899,3906,3902,80285,2171246,0.08%,0.08%
2024/1/12,14:15:00,3906,3908,3901,3905,3905,48553,2166666,-0.03%,-0.18%
2024/1/12,14:45:00,3905,3906,3894,3894,3899,80919,2165761,-0.28%,-0.51%
2024/1/12,21:00:00,3898,3898,3857,3862,3873,427801,2226176,-0.82%,-1.38%
2024/1/12,21:30:00,3863,3869,3862,3866,3866,81230,2232049,0.10%,-0.95%
2024/1/12,22:00:00,3866,3871,3862,3863,3866,58897,2233933,-0.08%,-1.10%
2024/1/12,22:30:00,3863,3886,3859,3880,3873,135915,2206661,0.44%,-0.64%
2024/1/15,9:00:00,3881,3902,3881,3886,3892,238858,2185423,0.15%,-0.21%
2024/1/15,9:30:00,3886,3897,3884,3894,3891,73801,2192621,0.21%,0.83%
2024/1/15,10:00:00,3894,3898,3887,3891,3892,52268,2198860,-0.08%,0.65%
2024/1/15,10:45:00,3891,3911,3891,3908,3905,142433,2208195,0.44%,1.16%
2024/1/15,11:15:00,3907,3909,3899,3902,3904,63749,2210143,-0.15%,0.57%
2024/1/15,13:45:00,3902,3907,3899,3902,3903,37116,2209844,0.00%,0.41%
2024/1/15,14:15:00,3903,3908,3896,3897,3902,64633,2207236,-0.13%,0.08%
2024/1/15,14:45:00,3898,3898,3887,3888,3892,85778,2199068,-0.23%,-0.08%
2024/1/15,21:00:00,3883,3888,3872,3888,3881,234904,2191558,0.00%,-0.51%
2024/1/15,21:30:00,3887,3894,3883,3894,3889,63753,2192442,0.15%,-0.21%
2024/1/15,22:00:00,3894,3898,3890,3894,3894,55331,2189777,0.00%,-0.21%
2024/1/15,22:30:00,3895,3895,3880,3884,3885,79124,2190062,-0.26%,-0.33%
2024/1/16,9:00:00,3884,3888,3876,3876,3882,121784,2220967,-0.21%,-0.31%
2024/1/16,9:30:00,3876,3884,3873,3880,3877,85698,2228790,0.10%,-0.21%
2024/1/16,10:00:00,3880,3890,3875,3876,3882,100120,2225304,-0.10%,-0.46%
2024/1/16,10:45:00,3877,3882,3874,3879,3877,53191,2229898,0.08%,-0.39%
2024/1/16,11:15:00,3879,3883,3863,3863,3870,149040,2244136,-0.41%,-0.54%
2024/1/16,13:45:00,3863,3868,3858,3868,3862,141009,2262184,0.13%,-0.21%
2024/1/16,14:15:00,3868,3872,3857,3865,3863,128060,2267214,-0.08%,-0.39%
2024/1/16,14:45:00,3865,3891,3858,3890,3876,176916,2230486,0.65%,0.36%
2024/1/16,21:00:00,3903,3914,3901,3909,3907,344218,2200548,0.49%,0.77%
2024/1/16,21:30:00,3909,3909,3902,3903,3905,68916,2203120,-0.15%,1.04%
2024/1/16,22:00:00,3903,3905,3900,3902,3903,49062,2206993,-0.03%,0.88%
2024/1/16,22:30:00,3902,3905,3898,3903,3902,47160,2200013,0.03%,0.98%
2024/1/17,9:00:00,3903,3905,3898,3905,3902,87377,2212847,0.05%,0.39%
2024/1/17,9:30:00,3905,3906,3893,3896,3898,94137,2213422,-0.23%,-0.33%
2024/1/17,10:00:00,3896,3896,3877,3879,3886,164387,2241869,-0.44%,-0.61%
2024/1/17,10:45:00,3879,3883,3873,3876,3878,106044,2256620,-0.08%,-0.67%
2024/1/17,11:15:00,3876,3882,3869,3872,3875,112953,2271120,-0.10%,-0.79%
2024/1/17,13:45:00,3871,3883,3867,3873,3875,106168,2280940,0.03%,-0.82%
2024/1/17,14:15:00,3873,3877,3862,3865,3868,110352,2299014,-0.21%,-0.80%
2024/1/17,14:45:00,3864,3865,3849,3851,3855,193587,2335112,-0.36%,-0.72%
2024/1/17,21:00:00,3846,3850,3837,3846,3845,247847,2388696,-0.13%,-0.77%
2024/1/17,21:30:00,3846,3852,3843,3847,3847,62948,2394075,0.03%,-0.65%
2024/1/17,22:00:00,3847,3862,3844,3862,3853,115242,2377603,0.39%,-0.28%
2024/1/17,22:30:00,3862,3879,3859,3878,3871,200777,2335191,0.41%,0.34%
2024/1/18,9:00:00,3878,3879,3871,3874,3875,110065,2339026,-0.10%,0.60%
2024/1/18,9:30:00,3874,3879,3871,3873,3875,55258,2339849,-0.03%,0.70%
2024/1/18,10:00:00,3873,3874,3856,3859,3864,147280,2341309,-0.36%,0.31%
2024/1/18,10:45:00,3858,3865,3851,3863,3858,112466,2344487,0.10%,0.03%
2024/1/18,11:15:00,3863,3886,3863,3885,3873,179688,2339214,0.57%,0.18%
2024/1/18,13:45:00,3885,3903,3880,3898,3892,261716,2333929,0.33%,0.62%
2024/1/18,14:15:00,3897,3902,3888,3895,3895,133742,2333176,-0.08%,0.57%
2024/1/18,14:45:00,3895,3907,3893,3905,3903,147170,2304648,0.26%,1.19%
2024/1/18,21:00:00,3905,3905,3891,3893,3898,176319,2315428,-0.31%,0.78%
2024/1/18,21:30:00,3893,3900,3890,3894,3894,73436,2316264,0.03%,0.23%
2024/1/18,22:00:00,3894,3898,3891,3898,3895,39249,2313080,0.10%,0.00%
2024/1/18,22:30:00,3897,3898,3885,3892,3891,75897,2305917,-0.15%,-0.08%
2024/1/19,9:00:00,3892,3901,3888,3890,3895,124468,2312669,-0.05%,-0.38%
2024/1/19,9:30:00,3890,3901,3889,3901,3897,59570,2318479,0.28%,0.21%
2024/1/19,10:00:00,3901,3907,3893,3902,3900,83850,2314338,0.03%,0.21%
2024/1/19,10:45:00,3902,3912,3902,3909,3909,117110,2308511,0.18%,0.28%
2024/1/19,11:15:00,3909,3910,3901,3904,3905,78960,2303152,-0.13%,0.31%
2024/1/19,13:45:00,3904,3907,3899,3905,3903,71700,2303661,0.03%,0.39%
2024/1/19,14:15:00,3904,3911,3903,3907,3907,77500,2307472,0.05%,0.15%
2024/1/19,14:45:00,3907,3910,3906,3908,3908,59586,2288889,0.03%,0.15%
2024/1/19,21:00:00,3907,3907,3897,3902,3902,133304,2286991,-0.15%,-0.18%
2024/1/19,21:30:00,3902,3910,3902,3903,3906,64813,2279956,0.03%,-0.03%
2024/1/19,22:00:00,3903,3906,3901,3904,3903,30888,2278341,0.03%,-0.03%
2024/1/19,22:30:00,3904,3904,3894,3901,3899,100935,2271808,-0.08%,-0.15%
2024/1/22,9:00:00,3901,3922,3890,3911,3906,280876,2258997,0.26%,0.08%
2024/1/22,9:30:00,3911,3915,3904,3908,3908,68923,2255835,-0.08%,0.15%
2024/1/22,10:00:00,3907,3917,3901,3911,3909,125554,2259212,0.08%,0.20%
2024/1/22,10:45:00,3911,3915,3909,3914,3912,59219,2262729,0.08%,0.26%
2024/1/22,11:15:00,3914,3914,3896,3899,3903,149067,2247728,-0.38%,-0.05%
2024/1/22,13:45:00,3898,3906,3898,3898,3901,65113,2249027,-0.03%,-0.33%
2024/1/22,14:15:00,3898,3898,3876,3882,3885,260632,2255708,-0.41%,-0.67%
2024/1/22,14:45:00,3882,3904,3882,3892,3896,130158,2236582,0.26%,-0.49%
2024/1/22,21:00:00,3894,3899,3885,3897,3893,139733,2227072,0.13%,-0.43%
2024/1/22,21:30:00,3897,3901,3893,3896,3898,61804,2228088,-0.03%,-0.08%
2024/1/22,22:00:00,3896,3902,3894,3900,3899,48126,2227392,0.10%,0.05%
2024/1/22,22:30:00,3900,3912,3897,3909,3907,117975,2216712,0.23%,0.70%
2024/1/23,9:00:00,3909,3926,3909,3923,3918,210482,2198213,0.36%,0.80%
2024/1/23,9:30:00,3923,3925,3916,3921,3920,113265,2198936,-0.05%,0.62%
2024/1/23,10:00:00,3921,3926,3918,3919,3922,84228,2190704,-0.05%,0.59%
2024/1/23,10:45:00,3919,3920,3912,3914,3916,66097,2188356,-0.13%,0.36%
2024/1/23,11:15:00,3914,3922,3912,3919,3918,75013,2187199,0.13%,0.26%
2024/1/23,13:45:00,3918,3924,3918,3923,3922,46522,2191788,0.10%,0.00%
2024/1/23,14:15:00,3923,3928,3920,3921,3925,102761,2190814,-0.05%,0.00%
2024/1/23,14:45:00,3922,3924,3918,3922,3921,53743,2179745,0.03%,0.08%
2024/1/23,21:00:00,3921,3932,3919,3931,3925,148432,2182897,0.23%,0.43%
2024/1/23,21:30:00,3930,3935,3929,3935,3932,65484,2186606,0.10%,0.41%
2024/1/23,22:00:00,3934,3935,3923,3926,3927,81891,2179410,-0.23%,0.08%
2024/1/23,22:30:00,3926,3929,3924,3925,3926,39306,2171761,-0.03%,0.10%
2024/1/24,9:00:00,3925,3933,3924,3930,3928,71470,2172200,0.13%,0.20%
2024/1/24,9:30:00,3931,3935,3928,3929,3932,51789,2171852,-0.03%,-0.05%
2024/1/24,10:00:00,3929,3931,3921,3925,3925,104471,2171679,-0.10%,-0.25%
2024/1/24,10:45:00,3926,3932,3925,3930,3929,46964,2172925,0.13%,0.10%
2024/1/24,11:15:00,3930,3940,3929,3939,3936,122287,2179223,0.23%,0.36%
2024/1/24,13:45:00,3939,3941,3934,3941,3938,67124,2177924,0.05%,0.28%
2024/1/24,14:15:00,3941,3944,3937,3942,3941,77870,2169043,0.03%,0.33%
2024/1/24,14:45:00,3942,3946,3940,3946,3943,63235,2156970,0.10%,0.54%
2024/1/24,21:00:00,3962,3964,3955,3957,3960,227525,2151697,0.28%,0.69%
2024/1/24,21:30:00,3957,3963,3956,3963,3960,71702,2157508,0.15%,0.61%
2024/1/24,22:00:00,3963,3969,3960,3968,3965,82526,2158782,0.13%,0.69%
2024/1/24,22:30:00,3968,3971,3965,3966,3968,76462,2157552,-0.05%,0.61%
2024/1/25,9:00:00,3966,3969,3962,3964,3965,77075,2155533,-0.05%,0.46%
2024/1/25,9:30:00,3964,3974,3961,3972,3969,91308,2159224,0.20%,0.38%
2024/1/25,10:00:00,3972,3977,3967,3967,3973,86067,2159426,-0.13%,0.10%
2024/1/25,10:45:00,3967,3977,3967,3975,3972,57735,2151535,0.20%,0.18%
2024/1/25,11:15:00,3976,3980,3974,3978,3977,87568,2154371,0.08%,0.30%
2024/1/25,13:45:00,3978,3979,3974,3975,3976,42435,2151889,-0.08%,0.28%
2024/1/25,14:15:00,3975,3980,3972,3972,3977,64167,2153420,-0.08%,0.00%
2024/1/25,14:45:00,3973,3974,3954,3959,3962,160012,2139861,-0.33%,-0.20%
2024/1/25,21:00:00,3956,3965,3955,3962,3960,134396,2136748,0.08%,-0.33%
2024/1/25,21:30:00,3962,3970,3961,3965,3966,64093,2142255,0.08%,-0.33%
2024/1/25,22:00:00,3965,3971,3960,3961,3966,55241,2142356,-0.10%,-0.35%
2024/1/25,22:30:00,3961,3963,3954,3960,3959,91298,2146023,-0.03%,-0.30%
2024/1/26,9:00:00,3960,3966,3957,3963,3961,80824,2151652,0.08%,0.10%
2024/1/26,9:30:00,3963,3968,3956,3957,3962,62665,2153300,-0.15%,-0.13%
2024/1/26,10:00:00,3957,3968,3957,3962,3963,67521,2149206,0.13%,-0.08%
2024/1/26,10:45:00,3961,3975,3961,3973,3969,74885,2150683,0.28%,0.30%
2024/1/26,11:15:00,3972,3977,3968,3975,3973,82976,2152243,0.05%,0.38%
2024/1/26,13:45:00,3976,3980,3965,3968,3973,102763,2147591,-0.18%,0.13%
2024/1/26,14:15:00,3969,3969,3959,3968,3964,103284,2138143,0.00%,0.28%
2024/1/26,14:45:00,3969,3973,3964,3966,3968,56834,2132426,-0.05%,0.10%
2024/1/26,21:00:00,3967,3971,3962,3969,3966,107039,2136737,0.08%,-0.10%
2024/1/26,21:30:00,3970,3974,3967,3971,3971,42122,2136541,0.05%,-0.10%
2024/1/26,22:00:00,3970,3971,3963,3971,3967,53280,2133883,0.00%,0.08%
2024/1/26,22:30:00,3970,3977,3969,3973,3973,57223,2128401,0.05%,0.13%
2024/1/29,9:00:00,3973,3985,3966,3978,3977,184769,2136382,0.13%,0.30%
2024/1/29,9:30:00,3978,3980,3971,3977,3975,74806,2140118,-0.03%,0.20%
2024/1/29,10:00:00,3976,3977,3966,3968,3970,75995,2144032,-0.23%,-0.08%
2024/1/29,10:45:00,3968,3971,3963,3967,3966,60253,2146222,-0.03%,-0.10%
2024/1/29,11:15:00,3967,3969,3950,3962,3960,143220,2146430,-0.13%,-0.28%
2024/1/29,13:45:00,3961,3963,3951,3955,3956,108773,2153720,-0.18%,-0.58%
2024/1/29,14:15:00,3955,3966,3954,3964,3962,73741,2153800,0.23%,-0.33%
2024/1/29,14:45:00,3964,3966,3958,3962,3961,47520,2150028,-0.05%,-0.15%
2024/1/29,21:00:00,3961,3968,3958,3963,3963,137501,2156358,0.03%,-0.10%
2024/1/29,21:30:00,3963,3964,3955,3958,3959,50256,2159961,-0.13%,-0.10%
2024/1/29,22:00:00,3958,3961,3954,3959,3958,36221,2160132,0.03%,0.10%
2024/1/29,22:30:00,3959,3965,3956,3959,3961,50227,2153414,0.00%,-0.13%
2024/1/30,9:00:00,3959,3962,3955,3955,3958,76905,2164517,-0.10%,-0.18%
2024/1/30,9:30:00,3955,3959,3954,3957,3957,57340,2158317,0.05%,-0.15%
2024/1/30,10:00:00,3957,3959,3946,3947,3950,131274,2160720,-0.25%,-0.28%
2024/1/30,10:45:00,3947,3961,3947,3954,3956,87364,2160121,0.18%,-0.13%
2024/1/30,11:15:00,3954,3954,3937,3938,3943,179866,2171161,-0.40%,-0.53%
2024/1/30,13:45:00,3938,3939,3922,3925,3929,221216,2192198,-0.33%,-0.76%
2024/1/30,14:15:00,3924,3926,3914,3917,3920,145003,2201030,-0.20%,-1.01%
2024/1/30,14:45:00,3917,3919,3908,3909,3911,125794,2191284,-0.20%,-0.96%
2024/1/30,21:00:00,3906,3914,3899,3900,3906,224328,2191560,-0.23%,-1.37%
2024/1/30,21:30:00,3900,3901,3892,3895,3896,141728,2210684,-0.13%,-1.09%
2024/1/30,22:00:00,3895,3903,3892,3900,3899,87327,2208307,0.13%,-0.64%
2024/1/30,22:30:00,3900,3904,3897,3904,3901,63730,2202367,0.10%,-0.33%
2024/1/31,9:00:00,3904,3905,3891,3892,3897,123612,2221807,-0.31%,-0.43%
2024/1/31,9:30:00,3892,3898,3889,3891,3894,62239,2225593,-0.03%,-0.23%
2024/1/31,10:00:00,3890,3896,3886,3896,3890,119461,2232860,0.13%,0.03%
2024/1/31,10:45:00,3895,3899,3891,3891,3895,68433,2227623,-0.13%,-0.23%
2024/1/31,11:15:00,3891,3895,3878,3882,3885,111025,2242550,-0.23%,-0.56%
2024/1/31,13:45:00,3882,3891,3878,3888,3884,89220,2238959,0.15%,-0.10%
2024/1/31,14:15:00,3888,3890,3879,3886,3884,80271,2232167,-0.05%,-0.13%
2024/1/31,14:45:00,3886,3886,3866,3866,3874,153981,2237062,-0.51%,-0.77%
2024/1/31,21:00:00,3865,3873,3864,3867,3869,135454,2262730,0.03%,-0.62%
2024/1/31,21:30:00,3867,3870,3861,3868,3865,82118,2275436,0.03%,-0.36%
2024/1/31,22:00:00,3867,3877,3866,3873,3872,69212,2272693,0.13%,-0.39%
2024/1/31,22:30:00,3873,3883,3870,3881,3877,80971,2264530,0.21%,-0.13%
2024/2/1,9:00:00,3881,3881,3869,3871,3873,93623,2273015,-0.26%,0.13%
2024/2/1,9:30:00,3871,3878,3866,3868,3872,70550,2280648,-0.08%,0.03%
2024/2/1,10:00:00,3868,3882,3866,3879,3876,94605,2286858,0.28%,0.28%
2024/2/1,10:45:00,3879,3879,3871,3873,3874,43965,2289634,-0.15%,0.00%
2024/2/1,11:15:00,3873,3874,3855,3857,3863,139595,2308519,-0.41%,-0.62%
2024/2/1,13:45:00,3857,3865,3853,3861,3859,97162,2318385,0.10%,-0.26%
2024/2/1,14:15:00,3861,3870,3858,3864,3865,72840,2314432,0.08%,-0.10%
2024/2/1,14:45:00,3865,3873,3864,3866,3870,60423,2306332,0.05%,-0.34%
2024/2/1,21:00:00,3866,3874,3863,3865,3868,113256,2321854,-0.03%,-0.21%
2024/2/1,21:30:00,3864,3868,3862,3863,3865,53693,2330549,-0.05%,0.16%
2024/2/1,22:00:00,3864,3865,3854,3855,3859,89234,2340953,-0.21%,-0.16%
2024/2/1,22:30:00,3855,3862,3851,3853,3856,121933,2347315,-0.05%,-0.28%
2024/2/2,9:00:00,3853,3862,3850,3856,3857,109523,2346484,0.08%,-0.26%
2024/2/2,9:30:00,3856,3858,3852,3853,3855,42913,2350901,-0.08%,-0.31%
2024/2/2,10:00:00,3853,3855,3826,3835,3839,267139,2390538,-0.47%,-0.72%
2024/2/2,10:45:00,3835,3835,3819,3825,3826,156445,2415482,-0.26%,-0.78%
2024/2/2,11:15:00,3825,3830,3805,3808,3814,230558,2436904,-0.44%,-1.17%
2024/2/2,13:45:00,3809,3811,3803,3810,3807,117409,2454859,0.05%,-1.19%
2024/2/2,14:15:00,3810,3843,3801,3835,3825,294654,2420794,0.66%,-0.47%
2024/2/2,14:45:00,3835,3835,3817,3824,3823,112278,2420054,-0.29%,-0.29%
2024/2/2,21:00:00,3823,3831,3815,3829,3823,121151,2435692,0.13%,0.10%
2024/2/2,21:30:00,3829,3830,3824,3830,3827,51845,2436394,0.03%,0.58%
2024/2/2,22:00:00,3829,3838,3827,3836,3834,73017,2433881,0.16%,0.68%
2024/2/2,22:30:00,3835,3853,3835,3852,3846,175456,2393588,0.42%,0.44%
2024/2/5,9:00:00,3852,3853,3839,3845,3845,138583,2378660,-0.18%,0.55%
2024/2/5,9:30:00,3845,3848,3840,3842,3844,61708,2373444,-0.08%,0.34%
2024/2/5,10:00:00,3841,3845,3825,3830,3834,127297,2372105,-0.31%,0.00%
2024/2/5,10:45:00,3830,3843,3823,3838,3833,123691,2363154,0.21%,0.05%
2024/2/5,11:15:00,3838,3848,3831,3842,3842,125231,2355174,0.10%,-0.26%
2024/2/5,13:45:00,3843,3846,3839,3842,3842,59760,2353638,0.00%,-0.08%
2024/2/5,14:15:00,3842,3842,3828,3830,3835,71963,2360097,-0.31%,-0.31%
2024/2/5,14:45:00,3830,3831,3824,3831,3828,53883,2355672,0.03%,0.03%
2024/2/5,21:00:00,3826,3826,3800,3803,3807,231032,2386697,-0.73%,-0.91%
2024/2/5,21:30:00,3803,3813,3794,3808,3803,170332,2387091,0.13%,-0.88%
2024/2/5,22:00:00,3808,3811,3806,3809,3808,37684,2387988,0.03%,-0.86%
2024/2/5,22:30:00,3809,3812,3805,3809,3809,46043,2381651,0.00%,-0.55%
2024/2/6,9:00:00,3809,3820,3809,3811,3815,82546,2382007,0.05%,-0.52%
2024/2/6,9:30:00,3812,3828,3811,3822,3822,88625,2374198,0.29%,0.50%
2024/2/6,10:00:00,3822,3830,3822,3826,3826,54731,2373476,0.10%,0.47%
2024/2/6,10:45:00,3825,3831,3818,3827,3825,66731,2377956,0.03%,0.47%
2024/2/6,11:15:00,3827,3844,3814,3837,3833,208407,2369798,0.26%,0.74%
2024/2/6,13:45:00,3836,3840,3824,3825,3832,77789,2365811,-0.31%,0.37%
2024/2/6,14:15:00,3825,3827,3804,3810,3812,151597,2384682,-0.39%,-0.31%
2024/2/6,14:45:00,3810,3834,3810,3833,3824,105104,2363714,0.60%,0.18%
2024/2/6,21:00:00,3832,3832,3825,3826,3828,88455,2359964,-0.18%,-0.03%
2024/2/6,21:30:00,3826,3826,3819,3824,3822,40264,2361863,-0.05%,-0.34%
2024/2/6,22:00:00,3824,3830,3823,3829,3827,40074,2356445,0.13%,0.10%
2024/2/6,22:30:00,3829,3830,3825,3827,3827,31535,2349756,-0.05%,0.45%
2024/2/7,9:00:00,3827,3831,3821,3830,3826,56530,2346707,0.08%,-0.08%
2024/2/7,9:30:00,3830,3837,3823,3828,3829,76890,2342879,-0.05%,0.05%
2024/2/7,10:00:00,3828,3835,3823,3824,3830,67327,2334306,-0.10%,0.00%
2024/2/7,10:45:00,3824,3825,3812,3821,3817,96184,2340679,-0.08%,-0.21%
2024/2/7,11:15:00,3820,3823,3812,3814,3817,54019,2339894,-0.18%,-0.34%
2024/2/7,13:45:00,3814,3818,3812,3815,3815,38319,2337261,0.03%,-0.39%
2024/2/7,14:15:00,3814,3833,3812,3832,3823,83768,2322420,0.45%,0.10%
2024/2/7,14:45:00,3832,3841,3832,3837,3837,108283,2299078,0.13%,0.34%
2024/2/7,21:00:00,3838,3843,3831,3837,3836,94852,2292408,0.00%,0.42%
2024/2/7,21:30:00,3836,3842,3833,3841,3837,33567,2293194,0.10%,0.71%
2024/2/7,22:00:00,3841,3846,3837,3839,3842,46745,2289943,-0.05%,0.63%
2024/2/7,22:30:00,3839,3847,3838,3845,3844,53872,2277943,0.16%,0.34%
2024/2/8,9:00:00,3847,3860,3847,3859,3854,123286,2259613,0.36%,0.57%
2024/2/8,9:30:00,3859,3861,3854,3859,3858,49105,2251813,0.00%,0.57%
2024/2/8,10:00:00,3858,3859,3847,3847,3853,58695,2245307,-0.31%,0.16%
2024/2/8,10:45:00,3847,3850,3844,3847,3847,38434,2240034,0.00%,0.21%
2024/2/8,11:15:00,3847,3849,3839,3841,3844,55824,2238722,-0.16%,-0.10%
2024/2/8,13:45:00,3841,3848,3832,3845,3840,73305,2238369,0.10%,-0.36%
2024/2/8,14:15:00,3846,3857,3844,3856,3851,83529,2223457,0.29%,-0.08%
2024/2/8,14:45:00,3856,3858,3851,3851,3853,60738,2200421,-0.13%,0.10%
2024/2/19,9:00:00,3873,3879,3854,3855,3867,248392,2212801,0.10%,0.21%
2024/2/19,9:30:00,3855,3856,3827,3830,3840,175391,2241032,-0.65%,-0.29%
2024/2/19,10:00:00,3831,3838,3815,3816,3828,125992,2267175,-0.37%,-0.75%
2024/2/19,10:45:00,3816,3819,3808,3809,3814,121251,2290358,-0.18%,-1.22%
2024/2/19,11:15:00,3810,3816,3805,3814,3811,104063,2311040,0.13%,-0.96%
2024/2/19,13:45:00,3814,3816,3808,3815,3812,44073,2323509,0.03%,-1.04%
2024/2/19,14:15:00,3815,3822,3811,3811,3817,74790,2325027,-0.10%,-0.50%
2024/2/19,14:45:00,3811,3812,3803,3807,3807,75445,2336148,-0.10%,-0.24%
2024/2/19,21:00:00,3804,3808,3791,3800,3799,237468,2395041,-0.18%,-0.24%
2024/2/19,21:30:00,3800,3802,3796,3798,3799,50704,2406540,-0.05%,-0.42%
2024/2/19,22:00:00,3798,3810,3796,3805,3804,71275,2409912,0.18%,-0.26%
2024/2/19,22:30:00,3804,3812,3803,3808,3809,62480,2407646,0.08%,-0.08%
2024/2/20,9:00:00,3809,3817,3795,3795,3806,174453,2434597,-0.34%,-0.32%
2024/2/20,9:30:00,3795,3808,3793,3803,3799,129900,2441881,0.21%,0.08%
2024/2/20,10:00:00,3803,3803,3782,3784,3789,178918,2476791,-0.50%,-0.37%
2024/2/20,10:45:00,3784,3785,3768,3771,3776,166682,2508274,-0.34%,-0.89%
2024/2/20,11:15:00,3770,3780,3766,3773,3772,132926,2521716,0.05%,-0.92%
2024/2/20,13:45:00,3773,3778,3768,3768,3773,70927,2531763,-0.13%,-0.71%
2024/2/20,14:15:00,3768,3771,3756,3761,3762,124046,2556333,-0.19%,-1.10%
2024/2/20,14:45:00,3760,3763,3751,3752,3755,100730,2565726,-0.24%,-0.85%
2024/2/20,21:00:00,3753,3754,3735,3741,3742,248846,2586291,-0.29%,-0.80%
2024/2/20,21:30:00,3741,3750,3737,3748,3745,97177,2588511,0.19%,-0.66%
2024/2/20,22:00:00,3748,3752,3743,3750,3747,62367,2591232,0.05%,-0.48%
2024/2/20,22:30:00,3749,3751,3735,3737,3742,83654,2585179,-0.35%,-0.64%
2024/2/21,9:00:00,3737,3743,3731,3736,3737,121282,2600258,-0.03%,-0.43%
2024/2/21,9:30:00,3736,3751,3735,3747,3744,101654,2599574,0.29%,0.16%
2024/2/21,10:00:00,3747,3773,3746,3771,3758,213153,2580362,0.64%,0.61%
2024/2/21,10:45:00,3771,3835,3770,3806,3795,597351,2499754,0.93%,1.49%
2024/2/21,11:15:00,3806,3841,3806,3830,3822,447728,2433298,0.63%,2.49%
2024/2/21,13:45:00,3830,3835,3795,3796,3817,285954,2441630,-0.89%,1.61%
2024/2/21,14:15:00,3796,3807,3791,3795,3800,185757,2440051,-0.03%,1.28%
2024/2/21,14:45:00,3796,3796,3778,3788,3786,174304,2429892,-0.18%,0.45%
2024/2/21,21:00:00,3779,3800,3779,3791,3790,225232,2441747,0.08%,-0.39%
2024/2/21,21:30:00,3791,3801,3791,3799,3797,75319,2449831,0.21%,-0.81%
2024/2/21,22:00:00,3799,3804,3796,3799,3800,78304,2450505,0.00%,0.08%
2024/2/21,22:30:00,3798,3812,3798,3803,3805,105975,2436564,0.11%,0.21%
2024/2/22,9:00:00,3803,3806,3793,3797,3800,105829,2450855,-0.16%,0.24%
2024/2/22,9:30:00,3797,3798,3784,3793,3792,119516,2463524,-0.11%,0.05%
2024/2/22,10:00:00,3793,3795,3781,3785,3787,91038,2467996,-0.21%,-0.37%
2024/2/22,10:45:00,3784,3792,3782,3788,3787,54280,2467669,0.08%,-0.29%
2024/2/22,11:15:00,3788,3796,3773,3781,3782,164675,2477772,-0.18%,-0.58%
2024/2/22,13:45:00,3781,3785,3767,3773,3774,162924,2494346,-0.21%,-0.63%
2024/2/22,14:15:00,3773,3804,3771,3782,3790,251574,2486422,0.24%,-0.29%
2024/2/22,14:45:00,3782,3795,3782,3793,3790,66621,2481584,0.29%,0.21%
2024/2/22,21:00:00,3794,3803,3793,3802,3798,161517,2506474,0.24%,0.37%
2024/2/22,21:30:00,3801,3802,3791,3794,3796,64143,2510645,-0.21%,0.34%
2024/2/22,22:00:00,3794,3798,3789,3797,3794,43544,2511256,0.08%,0.64%
2024/2/22,22:30:00,3797,3810,3795,3803,3804,115816,2501281,0.16%,0.56%
2024/2/23,9:00:00,3804,3807,3797,3805,3802,81269,2505331,0.05%,0.32%
2024/2/23,9:30:00,3805,3806,3792,3797,3796,79610,2515728,-0.21%,-0.13%
2024/2/23,10:00:00,3797,3807,3796,3799,3802,84483,2512627,0.05%,0.13%
2024/2/23,10:45:00,3799,3800,3787,3790,3794,74709,2523163,-0.24%,-0.18%
2024/2/23,11:15:00,3789,3793,3783,3783,3788,113924,2532945,-0.18%,-0.53%
2024/2/23,13:45:00,3783,3797,3781,3797,3789,107361,2530316,0.37%,-0.21%
2024/2/23,14:15:00,3797,3798,3785,3786,3789,66706,2536530,-0.29%,-0.29%
2024/2/23,14:45:00,3786,3792,3784,3787,3788,46690,2531082,0.03%,-0.32%
2024/2/23,21:00:00,3786,3793,3774,3789,3783,184670,2543880,0.05%,-0.03%
2024/2/23,21:30:00,3790,3795,3786,3789,3790,53056,2539474,0.00%,0.16%
2024/2/23,22:00:00,3788,3792,3779,3779,3785,56385,2545540,-0.26%,-0.47%
2024/2/23,22:30:00,3779,3783,3764,3765,3773,144354,2557248,-0.37%,-0.55%
2024/2/26,9:00:00,3765,3767,3746,3762,3755,309039,2584539,-0.08%,-0.66%
2024/2/26,9:30:00,3763,3770,3751,3753,3759,133379,2591262,-0.24%,-0.95%
2024/2/26,10:00:00,3753,3764,3748,3762,3756,128672,2601227,0.24%,-0.71%
2024/2/26,10:45:00,3762,3768,3757,3763,3763,79876,2599487,0.03%,-0.42%
2024/2/26,11:15:00,3763,3771,3743,3752,3754,174794,2608853,-0.29%,-0.35%
2024/2/26,13:45:00,3751,3752,3738,3744,3744,133243,2622529,-0.21%,-0.48%
2024/2/26,14:15:00,3743,3755,3739,3755,3746,112882,2617261,0.29%,0.05%
2024/2/26,14:45:00,3754,3755,3742,3746,3746,79486,2611109,-0.24%,-0.43%
2024/2/26,21:00:00,3738,3750,3736,3749,3742,163110,2612279,0.08%,-0.37%
2024/2/26,21:30:00,3749,3751,3743,3743,3746,50947,2617410,-0.16%,-0.24%
2024/2/26,22:00:00,3743,3746,3740,3744,3743,38633,2622618,0.03%,0.00%
2024/2/26,22:30:00,3744,3757,3743,3747,3750,100401,2606268,0.08%,-0.21%
2024/2/27,9:00:00,3747,3762,3746,3760,3756,151707,2598498,0.35%,0.37%
2024/2/27,9:30:00,3760,3769,3758,3765,3765,103359,2590339,0.13%,0.43%
2024/2/27,10:00:00,3764,3791,3761,3785,3780,260839,2553410,0.53%,1.12%
2024/2/27,10:45:00,3786,3802,3785,3801,3795,209652,2529886,0.42%,1.52%
2024/2/27,11:15:00,3801,3804,3788,3790,3797,148654,2533496,-0.29%,1.15%
2024/2/27,13:45:00,3790,3794,3789,3792,3792,55467,2534972,0.05%,0.85%
2024/2/27,14:15:00,3791,3814,3790,3811,3804,180819,2514050,0.50%,1.22%
2024/2/27,14:45:00,3812,3821,3810,3817,3816,164234,2481795,0.16%,0.85%
2024/2/27,21:00:00,3817,3820,3809,3811,3815,192416,2502273,-0.16%,0.26%
2024/2/27,21:30:00,3811,3814,3809,3811,3812,50586,2504544,0.00%,0.55%
2024/2/27,22:00:00,3811,3814,3808,3809,3811,43411,2507658,-0.05%,0.45%
2024/2/27,22:30:00,3810,3812,3800,3806,3805,91361,2500329,-0.08%,-0.13%
2024/2/28,9:00:00,3806,3808,3796,3800,3800,124601,2515371,-0.16%,-0.45%
2024/2/28,9:30:00,3800,3811,3798,3807,3806,88782,2513145,0.18%,-0.10%
2024/2/28,10:00:00,3807,3810,3799,3800,3803,69856,2513198,-0.18%,-0.29%
2024/2/28,10:45:00,3801,3809,3798,3799,3803,77366,2521832,-0.03%,-0.26%
2024/2/28,11:15:00,3799,3819,3793,3817,3807,200925,2524821,0.47%,0.29%
2024/2/28,13:45:00,3818,3818,3806,3812,3812,85022,2526053,-0.13%,0.32%
2024/2/28,14:15:00,3812,3813,3801,3804,3808,71867,2525081,-0.21%,-0.08%
2024/2/28,14:45:00,3805,3808,3799,3804,3803,77159,2523033,0.00%,0.11%
2024/2/28,21:00:00,3795,3798,3778,3788,3788,304662,2551993,-0.42%,-0.29%
2024/2/28,21:30:00,3788,3793,3787,3788,3791,78802,2552540,0.00%,-0.76%
2024/2/28,22:00:00,3788,3796,3787,3793,3792,68549,2552722,0.13%,-0.50%
2024/2/28,22:30:00,3793,3793,3781,3784,3786,83162,2539304,-0.24%,-0.53%
2024/2/29,9:00:00,3784,3794,3783,3788,3789,91218,2545957,0.11%,-0.42%
2024/2/29,9:30:00,3788,3790,3782,3789,3786,61174,2547410,0.03%,0.03%
2024/2/29,10:00:00,3788,3807,3788,3800,3800,160855,2537823,0.29%,0.32%
2024/2/29,10:45:00,3800,3807,3795,3806,3803,84245,2530999,0.16%,0.34%
2024/2/29,11:15:00,3806,3809,3790,3795,3800,163077,2531776,-0.29%,0.29%
2024/2/29,13:45:00,3796,3796,3770,3771,3782,194369,2549326,-0.63%,-0.45%
2024/2/29,14:15:00,3771,3802,3770,3779,3785,306740,2539488,0.21%,-0.26%
2024/2/29,14:45:00,3780,3794,3780,3783,3787,95319,2527388,0.11%,-0.45%
2024/2/29,21:00:00,3782,3800,3781,3799,3791,189287,2533286,0.42%,-0.18%
2024/2/29,21:30:00,3799,3802,3797,3801,3800,89016,2529847,0.05%,0.16%
2024/2/29,22:00:00,3801,3802,3795,3802,3798,49605,2527721,0.03%,0.82%
2024/2/29,22:30:00,3802,3802,3791,3795,3795,75793,2521832,-0.18%,0.42%
2024/3/1,9:00:00,3797,3801,3787,3790,3794,119858,2513020,-0.13%,0.19%
2024/3/1,9:30:00,3789,3795,3784,3785,3788,80014,2519363,-0.13%,-0.37%
2024/3/1,10:00:00,3785,3792,3783,3787,3788,60925,2522173,0.05%,-0.37%
2024/3/1,10:45:00,3787,3795,3783,3785,3788,84269,2533411,-0.05%,-0.45%
2024/3/1,11:15:00,3785,3789,3775,3788,3781,157466,2535852,0.08%,-0.18%
2024/3/1,13:45:00,3787,3792,3784,3786,3788,80918,2532048,-0.05%,-0.11%
2024/3/1,14:15:00,3785,3787,3762,3763,3772,248767,2575030,-0.61%,-0.58%
2024/3/1,14:45:00,3763,3769,3757,3760,3762,172760,2586497,-0.08%,-0.71%
2024/3/1,21:00:00,3749,3757,3738,3741,3749,324843,2662093,-0.51%,-1.16%
2024/3/1,21:30:00,3741,3746,3740,3744,3742,110169,2686327,0.08%,-1.16%
2024/3/1,22:00:00,3744,3752,3735,3750,3743,145280,2691316,0.16%,-0.95%
2024/3/1,22:30:00,3750,3760,3750,3754,3754,120005,2662203,0.11%,-0.24%
2024/3/4,9:00:00,3754,3765,3754,3754,3760,178964,2656391,0.00%,-0.16%
2024/3/4,9:30:00,3754,3757,3739,3741,3746,153378,2696815,-0.35%,0.00%
2024/3/4,10:00:00,3741,3742,3723,3735,3732,280777,2728298,-0.16%,-0.24%
2024/3/4,10:45:00,3736,3740,3728,3730,3733,90085,2750715,-0.13%,-0.53%
2024/3/4,11:15:00,3730,3736,3713,3716,3721,206753,2792090,-0.38%,-1.01%
2024/3/4,13:45:00,3717,3719,3710,3715,3714,115004,2808772,-0.03%,-1.04%
2024/3/4,14:15:00,3715,3745,3714,3741,3730,231909,2774746,0.70%,0.00%
2024/3/4,14:45:00,3741,3771,3741,3760,3757,249919,2704403,0.51%,0.67%
2024/3/4,21:00:00,3747,3757,3744,3745,3749,206302,2727680,-0.40%,0.40%
2024/3/4,21:30:00,3745,3749,3743,3746,3746,46066,2730995,0.03%,0.81%
2024/3/4,22:00:00,3746,3755,3745,3752,3751,72020,2728311,0.16%,1.00%
2024/3/4,22:30:00,3751,3753,3746,3749,3749,50299,2722174,-0.08%,0.21%
2024/3/5,9:00:00,3749,3765,3746,3752,3756,226851,2703545,0.08%,-0.21%
2024/3/5,9:30:00,3751,3752,3731,3734,3741,225333,2755805,-0.48%,-0.29%
2024/3/5,10:00:00,3734,3735,3723,3723,3727,174787,2791294,-0.29%,-0.61%
2024/3/5,10:45:00,3723,3738,3722,3726,3731,121457,2796192,0.08%,-0.69%
2024/3/5,11:15:00,3726,3734,3722,3726,3726,101295,2812287,0.00%,-0.61%
2024/3/5,13:45:00,3726,3732,3715,3728,3722,169261,2830234,0.05%,-0.64%
2024/3/5,14:15:00,3727,3730,3716,3718,3724,110126,2843283,-0.27%,-0.43%
2024/3/5,14:45:00,3718,3725,3715,3722,3720,89527,2835145,0.11%,-0.03%
2024/3/5,21:00:00,3716,3716,3704,3709,3711,263435,2862559,-0.35%,-0.46%
2024/3/5,21:30:00,3710,3719,3707,3714,3714,82698,2869229,0.13%,-0.32%
2024/3/5,22:00:00,3714,3721,3712,3719,3717,56261,2871234,0.13%,-0.24%
2024/3/5,22:30:00,3718,3719,3708,3712,3712,88129,2874517,-0.19%,-0.16%
2024/3/6,9:00:00,3712,3713,3695,3698,3704,231356,2895740,-0.38%,-0.64%
2024/3/6,9:30:00,3698,3704,3691,3694,3697,177783,2911119,-0.11%,-0.40%
2024/3/6,10:00:00,3694,3709,3693,3704,3702,136741,2909794,0.27%,-0.27%
2024/3/6,10:45:00,3704,3709,3699,3702,3704,98046,2915967,-0.05%,-0.46%
2024/3/6,11:15:00,3702,3718,3701,3711,3711,177361,2907398,0.24%,-0.03%
2024/3/6,13:45:00,3711,3715,3706,3708,3710,80052,2915920,-0.08%,0.27%
2024/3/6,14:15:00,3709,3720,3703,3709,3713,171781,2905303,0.03%,0.41%
2024/3/6,14:45:00,3709,3713,3706,3712,3710,76222,2889598,0.08%,0.22%
2024/3/6,21:00:00,3712,3716,3705,3710,3710,176958,2910307,-0.05%,0.22%
2024/3/6,21:30:00,3710,3721,3709,3718,3717,131547,2906071,0.22%,0.19%
2024/3/6,22:00:00,3717,3723,3715,3720,3718,71311,2905303,0.05%,0.32%
2024/3/6,22:30:00,3720,3721,3716,3718,3718,45402,2896627,-0.05%,0.24%
2024/3/7,9:00:00,3718,3731,3715,3728,3725,174379,2894551,0.27%,0.43%
2024/3/7,9:30:00,3728,3729,3723,3725,3726,74157,2906029,-0.08%,0.40%
2024/3/7,10:00:00,3725,3728,3720,3728,3724,84384,2906146,0.08%,0.27%
2024/3/7,10:45:00,3728,3733,3721,3725,3728,118545,2899005,-0.08%,0.13%
2024/3/7,11:15:00,3725,3725,3701,3710,3711,244682,2924414,-0.40%,-0.22%
2024/3/7,13:45:00,3711,3717,3704,3716,3710,100093,2931145,0.16%,-0.32%
2024/3/7,14:15:00,3716,3726,3715,3715,3720,157342,2917886,-0.03%,-0.27%
2024/3/7,14:45:00,3716,3716,3698,3710,3705,193658,2929952,-0.13%,-0.48%
2024/3/7,21:00:00,3712,3719,3709,3716,3714,198419,2914200,0.16%,-0.24%
2024/3/7,21:30:00,3717,3717,3708,3710,3711,84083,2925627,-0.16%,0.00%
2024/3/7,22:00:00,3709,3711,3707,3709,3709,56916,2932383,-0.03%,-0.19%
2024/3/7,22:30:00,3710,3710,3695,3701,3701,156464,2960757,-0.22%,-0.38%
2024/3/8,9:00:00,3698,3707,3690,3701,3699,172838,2976173,0.00%,-0.24%
2024/3/8,9:30:00,3702,3705,3690,3694,3696,117232,2998961,-0.19%,-0.59%
2024/3/8,10:00:00,3693,3696,3686,3690,3690,152099,3015077,-0.11%,-0.54%
2024/3/8,10:45:00,3690,3696,3686,3694,3690,98980,3026740,0.11%,-0.40%
2024/3/8,11:15:00,3694,3701,3689,3693,3694,126048,3022542,-0.03%,-0.22%
2024/3/8,13:45:00,3693,3696,3686,3696,3691,104056,3034211,0.08%,-0.14%
2024/3/8,14:15:00,3696,3709,3693,3698,3702,224458,2997576,0.05%,0.11%
2024/3/8,14:45:00,3698,3699,3693,3695,3696,87010,2984536,-0.08%,0.14%
2024/3/8,21:00:00,3691,3693,3681,3683,3686,205330,3024284,-0.32%,-0.30%
2024/3/8,21:30:00,3684,3690,3681,3683,3686,90023,3026912,0.00%,-0.27%
2024/3/8,22:00:00,3682,3683,3671,3673,3676,189850,3045475,-0.27%,-0.62%
2024/3/8,22:30:00,3673,3676,3659,3660,3668,182119,3049445,-0.35%,-1.03%
2024/3/11,9:00:00,3652,3653,3640,3651,3647,363944,3082440,-0.25%,-1.19%
2024/3/11,9:30:00,3652,3655,3638,3643,3646,167556,3098879,-0.22%,-1.09%
2024/3/11,10:00:00,3642,3649,3635,3641,3641,115091,3117672,-0.05%,-1.14%
2024/3/11,10:45:00,3640,3642,3627,3632,3632,155048,3132834,-0.25%,-1.12%
2024/3/11,11:15:00,3633,3638,3625,3627,3632,132477,3146621,-0.14%,-0.90%
2024/3/11,13:45:00,3627,3635,3613,3629,3624,290844,3155730,0.06%,-0.60%
2024/3/11,14:15:00,3628,3629,3616,3621,3623,139125,3158369,-0.22%,-0.60%
2024/3/11,14:45:00,3621,3627,3613,3614,3619,130360,3139521,-0.19%,-0.74%
2024/3/11,21:00:00,3611,3623,3608,3617,3615,235908,3146900,0.08%,-0.41%
2024/3/11,21:30:00,3618,3623,3616,3616,3620,90437,3144694,-0.03%,-0.30%
2024/3/11,22:00:00,3617,3624,3614,3623,3619,73245,3144431,0.19%,-0.17%
2024/3/11,22:30:00,3623,3625,3617,3620,3621,75171,3133848,-0.08%,-0.03%
2024/3/12,9:00:00,3620,3639,3620,3631,3634,247137,3109818,0.30%,0.47%
2024/3/12,9:30:00,3631,3632,3624,3625,3628,87756,3119853,-0.17%,0.22%
2024/3/12,10:00:00,3626,3626,3615,3621,3620,116450,3132023,-0.11%,0.14%
2024/3/12,10:45:00,3620,3626,3617,3621,3622,76073,3130653,0.00%,-0.06%
2024/3/12,11:15:00,3621,3629,3618,3626,3624,105949,3131378,0.14%,0.17%
2024/3/12,13:45:00,3626,3637,3623,3626,3631,172252,3121311,0.00%,-0.14%
2024/3/12,14:15:00,3626,3643,3623,3643,3635,174517,3095442,0.47%,0.50%
2024/3/12,14:45:00,3643,3646,3636,3641,3641,135870,3073465,-0.05%,0.55%
2024/3/12,21:00:00,3642,3652,3642,3647,3647,260985,3044498,0.16%,0.72%
2024/3/12,21:30:00,3647,3647,3636,3638,3640,108328,3037654,-0.25%,0.33%
2024/3/12,22:00:00,3637,3640,3632,3636,3636,68730,3037868,-0.05%,0.28%
2024/3/12,22:30:00,3636,3640,3631,3637,3635,81664,3030921,0.03%,-0.16%
2024/3/13,9:00:00,3638,3645,3635,3635,3640,112573,3034703,-0.05%,-0.16%
2024/3/13,9:30:00,3635,3639,3630,3630,3634,70562,3041460,-0.14%,-0.47%
2024/3/13,10:00:00,3630,3632,3622,3623,3626,135880,3050519,-0.19%,-0.41%
2024/3/13,10:45:00,3624,3630,3621,3621,3625,94108,3057575,-0.06%,-0.41%
2024/3/13,11:15:00,3621,3624,3612,3616,3618,208500,3083527,-0.14%,-0.58%
2024/3/13,13:45:00,3616,3617,3603,3608,3611,198073,3106187,-0.22%,-0.74%
2024/3/13,14:15:00,3609,3611,3592,3593,3599,242104,3147431,-0.42%,-1.02%
2024/3/13,14:45:00,3593,3600,3586,3593,3593,213128,3130550,0.00%,-0.83%
2024/3/13,21:00:00,3595,3599,3578,3579,3589,341029,3147605,-0.39%,-1.16%
2024/3/13,21:30:00,3579,3580,3568,3568,3574,217543,3176917,-0.31%,-1.33%
2024/3/13,22:00:00,3569,3597,3567,3590,3580,245430,3150511,0.62%,-0.50%
2024/3/13,22:30:00,3590,3596,3584,3590,3590,173290,3128075,0.00%,-0.08%
2024/3/14,9:00:00,3595,3597,3582,3583,3590,155339,3128126,-0.19%,-0.28%
2024/3/14,9:30:00,3583,3593,3577,3592,3584,126064,3134151,0.25%,0.36%
2024/3/14,10:00:00,3592,3594,3576,3581,3583,125171,3142930,-0.31%,0.36%
2024/3/14,10:45:00,3582,3583,3566,3570,3573,147964,3170591,-0.31%,-0.56%
2024/3/14,11:15:00,3570,3572,3535,3541,3550,454640,3215712,-0.81%,-1.36%
2024/3/14,13:45:00,3542,3542,3527,3535,3534,290434,3251062,-0.17%,-1.34%
2024/3/14,14:15:00,3535,3554,3531,3537,3543,295517,3239689,0.06%,-1.53%
2024/3/14,14:45:00,3537,3537,3521,3522,3525,210326,3242020,-0.42%,-1.65%
