日期,开盘,最高,最低,收盘,平均价,成交量,持仓量,价差(收)
2020/2/13,3956.6,3978.4,3930.6,3944,3946.4,97761,139538,59.12
2020/2/14,3939.6,3992,3939.2,3976,3965.2,106946,143846,48.53
2020/2/17,3992,4080.4,3988.6,4079.4,4071.2,120531,142428,32.42
2020/2/18,4066,4074.2,4022.4,4042.2,4043,109200,135126,48.51
2020/2/19,4043.4,4076.2,4034,4046.2,4045.4,110055,137910,48.31
2020/2/20,4060.6,4151,4046,4132.6,4130.8,137388,146810,55.26
2020/2/21,4124.2,4185.2,4124.2,4152.8,4147.8,124427,134573,41.29
2020/2/24,4129,4145.8,4087.4,4114.6,4127.4,119184,143520,59.84
2020/2/25,4083.4,4122.6,4020.4,4111.8,4104.8,143835,147035,53.85
2020/2/26,4069.4,4117.4,4047,4070.2,4074.2,138790,144598,45.22
2020/2/27,4082.8,4102.2,4065.4,4072.4,4072.4,108283,137941,53.88
2020/2/28,3994.8,4020.8,3900.2,3917.2,3931,154924,148875,66.25
2020/3/2,3959,4087.8,3958.2,4050.2,4067,139601,143968,61.47
2020/3/3,4112.8,4140.8,4053.8,4065.8,4069,131471,143477,67.56
2020/3/4,4066.6,4098.2,4047.8,4097.8,4081,116736,139409,63.45
2020/3/5,4135.6,4203,4108,4184.4,4187,139013,151640,70.33
2020/3/6,4150.6,4161.4,4111.2,4111.4,4123.8,114307,137498,76.71
2020/3/9,4042.2,4042.2,3952.2,3966.2,3976.6,138671,148476,90.53
2020/3/10,3997.8,4084,3939.8,4062.6,4062.8,169209,151011,72.73
2020/3/11,4060.8,4068.4,3990,3990.2,4007.2,126855,146824,93.43
2020/3/12,3943.2,3952,3884.4,3935.4,3919.2,140801,149811,73.11
2020/3/13,3745,3915.4,3701.8,3881.6,3857,180183,160969,71.51
2020/3/16,3864.2,3864.2,3670.6,3670.8,3696.2,160914,155417,126.64
2020/3/17,3766,3771.2,3591.2,3664.6,3665,197832,173007,101.28
2020/3/18,3683.8,3743.4,3567,3579,3605.2,197928,163969,128.86
2020/3/19,3609.8,3626.4,3446.8,3549,3548.4,229324,177298,113.49
2020/3/20,3607.6,3621,3532.8,3607.4,3599,184093,149520,117.42
2020/3/23,3491,3545.4,3458.6,3490,3496.4,146211,152858,108.31
2020/3/24,3573.6,3601.4,3509.4,3580.4,3578.2,168052,157811,119.11
2020/3/25,3660,3693.2,3634.4,3668,3678.6,154166,152697,129.72
2020/3/26,3640.2,3682,3635,3641.2,3650,129154,148655,138.85
2020/3/27,3686.2,3719,3657.6,3658,3674.2,148655,154347,138.06
2020/3/30,3622.8,3654.2,3595.2,3639.2,3633.4,132664,146903,118.71
2020/3/31,3675,3680.2,3628.2,3630.4,3638.6,122499,147983,132.36
2020/4/1,3638,3692.8,3619.6,3627,3628.8,137460,155187,126.88
2020/4/2,3622,3705.6,3614.4,3704.6,3680.4,141450,154038,108.73
2020/4/3,3692.4,3697,3652.8,3672.8,3668.2,113246,147565,111.62
2020/4/7,3748.2,3770.8,3741.8,3753.2,3759.6,117045,150035,118.22
2020/4/8,3743.2,3753.8,3725.2,3740.6,3737,102491,146986,112.34
2020/4/9,3760.4,3764,3743.4,3751.2,3753.4,91168,141804,117.81
2020/4/10,3753.4,3780.6,3715.2,3735.4,3730.4,126519,157238,112.78
2020/4/13,3717.8,3729.2,3705,3711.4,3712,87802,140955,122.26
2020/4/14,3735,3773.8,3725.4,3773.8,3764.4,109947,152374,142.3
2020/4/15,3770.2,3781.8,3747.8,3748.8,3752.4,103011,140439,131.56
2020/4/16,3737,3760.8,3730,3752.6,3752,118731,143248,130.38
2020/4/17,3787.4,3809.6,3769,3772.8,3781.4,137644,148113,150.49
2020/4/20,3774.6,3782.8,3759.4,3779.4,3778.2,81375,136814,175.66
2020/4/21,3769.6,3769.6,3699.6,3734.2,3729,110002,151426,182.45
2020/4/22,3714,3770.6,3711.6,3769.6,3756.4,104296,143423,189.98
2020/4/23,3778.2,3780.6,3741.6,3755.6,3755.2,90655,145992,198.15
2020/4/24,3745.6,3749.4,3727.4,3741.6,3735.4,87582,139325,173.57
2020/4/27,3750.8,3792,3741,3764.4,3765.4,98974,150876,174.37
2020/4/28,3776.8,3802.6,3713.4,3787.6,3789.2,123001,156091,175.35
2020/4/29,3789,3817.6,3782,3807,3802.2,86378,143651,174.43
2020/4/30,3824.6,3882.6,3824.4,3878,3871.6,106329,147599,136.18
2020/5/6,3837.6,3894.8,3830.6,3887.4,3884.8,94278,144082,150.85
2020/5/7,3888.2,3889.4,3862,3877,3878.2,77798,140715,154.49
2020/5/8,3896.8,3939,3892.2,3917.8,3921,99871,146034,151.62
2020/5/11,3933.8,3959,3904.8,3912,3913.6,92435,140567,151.58
2020/5/12,3917.8,3930.4,3886,3906.2,3906,97109,138510,169.84
2020/5/13,3890.8,3917.6,3880.6,3911.6,3911.6,97814,133700,168.45
2020/5/14,3895.2,3895.2,3862.2,3871.2,3868.6,104290,132453,163.22
2020/5/15,3888.2,3893.2,3845.2,3845.2,3852,106460,129744,171.82
2020/5/18,3851.2,3887.4,3837,3859.6,3869.6,97343,133150,172.91
2020/5/19,3896.6,3909,3879.4,3889.6,3889,76065,126810,173.25
2020/5/20,3892.8,3893.2,3868.6,3876,3874.2,71682,129836,165.62
2020/5/21,3886.6,3890,3845.2,3847.2,3853.8,75686,132182,169.99
2020/5/22,3838.4,3842.4,3756.4,3761.6,3772.2,107278,148197,153.86
2020/5/25,3772.4,3778,3747,3768.4,3765,85727,134521,153.72
2020/5/26,3788.8,3806.4,3784.6,3804,3800,76013,135207,162.97
2020/5/27,3801.2,3801.6,3772,3785.2,3778.8,72402,135819,159.21
2020/5/28,3785.8,3828.8,3751.6,3791.2,3789.4,117630,156052,165.63
2020/5/29,3771,3811,3766.2,3792,3790.6,88036,138484,179.62
2020/6/1,3839.8,3917.8,3839.8,3909.8,3907.2,105857,148416,164.74
2020/6/2,3911.2,3932.4,3902.4,3923.4,3923,78673,135932,168.57
2020/6/3,3945.6,3965.4,3918.6,3918.8,3929,90798,142916,171.65
2020/6/4,3936.4,3939.6,3906.8,3918,3919,72810,134138,169.19
2020/6/5,3926.6,3944,3903.6,3943.8,3935,78053,140333,168.45
2020/6/8,3959.4,3986.8,3943.6,3953.2,3950.2,90924,143623,180.35
2020/6/9,3956.8,3982.2,3948.2,3974,3973.4,91836,144972,190.63
2020/6/10,3977.6,3977.6,3952.4,3966.6,3963.4,79037,137150,195.51
2020/6/11,3959.2,3972,3899.6,3916.8,3912.8,112939,154801,208.28
2020/6/12,3888.4,3946,3871,3932,3930.8,114801,150220,206.48
2020/6/15,3912.8,3925.4,3865.6,3867.4,3877.4,112080,152073,224.99
2020/6/16,3914,3939.8,3907,3935.4,3932.2,107942,146704,211.57
2020/6/17,3933.4,3936,3908.8,3933.8,3929.6,94788,145929,208.59
2020/6/18,3924.2,3972.8,3918.4,3971,3964.2,123336,156273,178.18
2020/6/19,3975.8,4050.8,3973,4028.4,4035.5,134326,155171,135.51
2020/6/22,4030,4073.4,4023,4036,4034.2,105303,153366,110.45
2020/6/23,4016.4,4055,4008.8,4050.8,4046.8,98647,155658,134.39
2020/6/24,4064.2,4086.6,4056.8,4086.4,4077,84356,149283,111.39
2020/6/29,4074.4,4083.8,4028.8,4053.4,4041,91772,155038,121.92
2020/6/30,4074,4123.2,4074,4095.2,4093,101466,151525,134.76
2020/7/1,4109.8,4196.4,4106,4190.4,4173,129800,166742,127.58
2020/7/2,4191.2,4314.4,4187.8,4302.2,4292.6,156025,172013,86.04
2020/7/3,4325.6,4396.4,4313.8,4389.2,4366.4,155403,174449,69
2020/7/6,4443.2,4757.6,4443.2,4733.2,4707.8,216255,189906,-60.91
2020/7/7,4789.4,4823.4,4695.2,4704,4735.4,205604,187500,10.13
2020/7/8,4726.4,4793,4687.2,4746.8,4754.4,175161,189777,53
2020/7/9,4745.8,4828.8,4729.6,4821.8,4798.2,172688,187448,43.17
2020/7/10,4788.8,4806.2,4710.6,4735.8,4746.8,167528,188993,31.13
2020/7/13,4750.8,4871,4733.4,4821.8,4824.4,179067,192305,60.96
2020/7/14,4804.2,4834.4,4694.4,4771.4,4756.2,186414,188249,71.69
2020/7/15,4807.6,4823.8,4697.8,4715.2,4750,197942,195305,61.47
2020/7/16,4726.2,4761.2,4462.4,4476.6,4518.6,265788,199062,78.25
2020/7/17,4515,4569.8,4469.4,4511.6,4513.6,205916,184773,71.1
2020/7/20,4560.6,4642.4,4505.8,4627.4,4618,167339,182123,112.7
2020/7/21,4651.8,4665.8,4614.2,4639.4,4635,131208,169591,124.24
2020/7/22,4636.6,4772,4627.2,4663.6,4672.4,184783,187839,116.05
2020/7/23,4633,4700.8,4560.2,4671,4671.6,197614,186286,108.04
2020/7/24,4641,4653,4412.4,4443.4,4457.4,215252,191817,145.39
2020/7/27,4484.8,4520,4440.4,4476,4466.8,146676,177870,131.45
2020/7/28,4516.4,4542.6,4474.8,4506.8,4494,138747,176695,147.06
2020/7/29,4498.4,4658.6,4495.6,4655.4,4639,177365,190100,102.01
2020/7/30,4659.2,4671.6,4612.8,4616.4,4623.6,129075,176843,115.75
2020/7/31,4630.2,4726.4,4561.6,4642,4642.6,198117,198556,127.25
2020/8/3,4703.8,4733.8,4681.2,4721,4710.8,148062,176626,137.71
2020/8/4,4734.2,4760.8,4706,4735.2,4736,143525,181578,129.8
2020/8/5,4732,4741.4,4651.6,4718.6,4716,152972,174800,158.11
2020/8/6,4734.8,4749.2,4617.8,4707.2,4695.2,176466,185428,148.56
2020/8/7,4691.4,4691.4,4577.4,4660,4663.6,177583,178014,148.13
2020/8/10,4643.6,4710.2,4585.4,4673,4688.4,156863,177042,162.47
2020/8/11,4689.2,4748.8,4612,4624.8,4656.6,161501,179672,163.18
2020/8/12,4615.6,4632.8,4513.2,4600.2,4584.8,168526,185344,150.64
2020/8/13,4619.6,4625.4,4567.4,4577.4,4584.2,127425,173810,164.31
2020/8/14,4574.2,4690.4,4562.2,4690,4657.6,160714,185807,124.63
2020/8/17,4711.4,4819.6,4690.8,4787,4784.2,177917,189365,116.43
2020/8/18,4788,4806.2,4755.4,4778,4773,125204,179194,123.56
2020/8/19,4778.2,4783.4,4691.2,4694,4717,159597,186220,145.68
2020/8/20,4661.6,4681.8,4619.2,4646.2,4637,158612,180075,131.95
2020/8/21,4678.2,4704.2,4636.2,4677.8,4661.6,141513,169289,133.84
2020/8/24,4706.8,4727.8,4670,4692,4698.4,119705,170434,157.85
2020/8/25,4709,4763,4689.8,4713.4,4707.4,125877,175640,146.95
2020/8/26,4711.6,4742,4640,4655.2,4654.4,140755,181071,143.73
2020/8/27,4670.4,4693.8,4634,4691,4676.8,114590,175449,136.55
2020/8/28,4687.4,4829,4673.2,4824.2,4808.8,159042,195343,112.47
2020/8/31,4848,4878,4758.2,4765.2,4790.6,147260,187018,138.02
2020/9/1,4761.6,4808.6,4756.8,4806,4789.8,113005,183465,124.12
2020/9/2,4823.4,4827.6,4738,4785.4,4793.4,149099,187724,151.09
2020/9/3,4785,4831,4747.8,4775,4763.2,146618,183945,137.1
2020/9/4,4717.8,4742,4683.4,4726.8,4723.2,134235,182885,140.42
2020/9/7,4723.8,4751.8,4600.6,4615.6,4641.4,155116,193362,160.37
2020/9/8,4641.4,4670.2,4606.8,4652.6,4655.6,134178,186073,140.99
2020/9/9,4606.8,4610.2,4515,4547.4,4563.2,164909,204240,134.59
2020/9/10,4587.6,4602.8,4529.4,4544,4555.4,142768,190060,137.78
2020/9/11,4536.4,4589.8,4527,4576.6,4576.6,124388,185678,151.68
2020/9/14,4602.6,4616.6,4573.2,4602.6,4587,119475,183970,159.65
2020/9/15,4599.8,4638.8,4583.8,4629.6,4627.8,139673,185770,170.48
2020/9/16,4625.8,4629.6,4574,4594.6,4587.8,127666,175090,177.16
2020/9/17,4588.8,4608,4536.6,4566,4585.6,156603,188248,172.71
2020/9/18,4584,4710.6,4577.6,4710.4,4689.2,186288,190347,98.09
2020/9/21,4722,4727.6,4641.8,4649.2,4653,115946,178939,112.23
2020/9/22,4627,4670.8,4562.2,4588,4592.6,132877,186408,133.56
2020/9/23,4596,4614.2,4570.8,4590.2,4594.6,96997,173391,136.93
2020/9/24,4572,4577.8,4495.8,4519.4,4521,132169,189954,119.07
2020/9/25,4541.4,4556.8,4513.2,4535.8,4533.8,105504,178214,97.02
2020/9/28,4550.2,4580.6,4531,4549.4,4546.8,98273,180713,98.11
2020/9/29,4573,4589.8,4552,4557.8,4568.8,102968,173195,86.8
2020/9/30,4577.8,4596.2,4505.4,4522.8,4528.2,112770,176956,125.4
2020/10/9,4618.6,4659.2,4612.6,4623.8,4625.8,98487,168822,129.74
2020/10/12,4654.6,4786.8,4654.6,4784.8,4771.8,128955,187402,107.16
2020/10/13,4771.4,4804.6,4752,4793,4792.8,104586,176489,116.6
2020/10/14,4785.2,4786.8,4752,4771.4,4767,104362,175439,109.1
2020/10/15,4774.6,4794,4749.4,4762.8,4763.4,120171,177106,103.54
2020/10/16,4769.6,4789.6,4716.8,4748.6,4748,135661,180675,102.08
2020/10/19,4788.6,4820.6,4688.6,4710.2,4705.2,138340,186761,176.09
2020/10/20,4708,4743.6,4698.4,4738.2,4734.8,80999,176371,195.07
2020/10/21,4750.2,4755.6,4699,4744.6,4732.4,96716,179083,192.23
2020/10/22,4724.2,4741.4,4671,4725.2,4729.2,115068,183378,197.58
2020/10/23,4725.2,4752.6,4678,4689.2,4691,119703,184607,157.69
2020/10/26,4668.2,4670.6,4602,4646,4643.8,105787,182512,168.24
2020/10/27,4640.6,4666.2,4629.2,4659.2,4657,81588,177658,164.48
2020/10/28,4658.8,4718.8,4644.2,4703.4,4707.4,103086,184923,153.27
2020/10/29,4660,4770.2,4653.6,4749.8,4757.4,128108,191701,139.52
2020/10/30,4751.4,4753.4,4651.2,4664.6,4665.8,135332,191715,127.53
2020/11/2,4677.6,4715.8,4668.6,4694.2,4691.8,104512,184753,116.43
2020/11/3,4718,4774.4,4710.2,4739.8,4743.4,121649,193521,127.16
2020/11/4,4745.4,4803.6,4735.6,4777.2,4778,118235,187603,142.06
2020/11/5,4836.2,4863,4807.8,4857,4852.2,127829,197049,116.11
2020/11/6,4870.6,4871.2,4815,4859.6,4843.2,112630,190100,116.12
2020/11/9,4905.6,4988.2,4905.6,4961.4,4959.2,142547,206910,90.55
2020/11/10,4969,4969.4,4906.4,4934.4,4926.6,117281,195749,96.68
2020/11/11,4920.4,4940.6,4888,4892.8,4898.6,104535,196800,87.7
2020/11/12,4910.4,4912,4873,4886.4,4883.8,95197,191229,91.86
2020/11/13,4867.8,4867.8,4796.2,4831.4,4821,130777,198399,100.45
2020/11/16,4864.6,4884,4823.4,4882,4864.4,101090,181743,95.17
2020/11/17,4870.6,4875.8,4839.6,4868,4856.6,94246,183704,101.19
2020/11/18,4865.6,4894,4845,4864.4,4860.4,111781,182063,94.67
2020/11/19,4853.2,4926.4,4850,4915,4911.2,121859,187599,80.79
2020/11/20,4914.8,4931,4901.6,4925.4,4924,98989,174310,77.49
2020/11/23,4940.2,5021.6,4919.8,4985,4991,121202,193291,76.63
2020/11/24,4981,4994.8,4951.8,4961.4,4962.4,92289,181514,63.69
2020/11/25,4982.4,4998.2,4900.6,4902.4,4909.4,111904,190426,47.9
2020/11/26,4905,4914.8,4864.6,4905.8,4898,98672,181770,51.59
2020/11/27,4913.4,4981.4,4899.2,4980.2,4952,111789,189735,38.97
2020/11/30,4990.8,5059,4949.6,4954.2,4971.8,150473,199200,44.25
2020/12/1,4964,5076,4960,5068.4,5057.4,129254,194719,35.5
2020/12/2,5071.8,5090,5032,5057.4,5066.6,118261,193414,49.94
2020/12/3,5057.8,5073.6,5027.4,5054.4,5055.2,101537,190382,45.66
2020/12/4,5050.6,5071.6,5001.8,5064.6,5059.6,108392,191991,43.92
2020/12/7,5063.8,5066.2,5000.4,5020,5021.6,109688,190071,46.24
2020/12/8,5033,5043.4,4996,5005.8,5013.2,99438,187388,46.08
2020/12/9,5021.2,5031.6,4935.8,4948.2,4963,121273,196531,32.5
2020/12/10,4940.4,4957,4917,4933.4,4931.6,105822,189519,44.72
2020/12/11,4956.2,4959.8,4841.8,4875.6,4864,124561,197947,51.83
2020/12/14,4887,4920.4,4872.4,4916.2,4910,95931,182971,62.04
2020/12/15,4908,4938.4,4884.2,4928,4928.6,105233,185131,59.5
2020/12/16,4940.4,4946,4921,4933.4,4935,102463,177229,68.27
2020/12/17,4931.6,5014.6,4926.2,5014.2,5006.4,138796,190499,45.68
2020/12/18,5009.2,5015.8,4956.2,4979.4,4976.4,112152,174812,67.37
2020/12/21,4977.6,5040.8,4945.6,5027,5029.2,101971,183045,65.04
2020/12/22,5019.4,5035.2,4943.8,4952,4962.8,108216,181982,57.57
2020/12/23,4965.2,5016.2,4958.4,4988.4,4980.4,109680,184854,62.12
2020/12/24,4988.4,5009,4962.6,4988.4,4978,93869,177377,59.62
2020/12/25,4971.8,5033,4961,5030.4,5028.4,95565,182123,57.81
2020/12/28,5030.8,5079.2,5021.6,5052.8,5044.2,102338,185384,55.81
2020/12/29,5062,5075.2,5030.8,5040.6,5040.2,94744,184611,46.14
2020/12/30,5036,5107.8,5034.2,5107,5101.8,102304,190068,50.71
2020/12/31,5118.4,5222.8,5117.6,5220.4,5208.2,129721,203224,31.29
2021/1/4,5226.2,5289.8,5189.8,5253.4,5272.2,117134,197855,50.72
2021/1/5,5242,5355.6,5233,5346.2,5344,123185,202646,77.7
2021/1/6,5362.4,5427.2,5338.4,5392.8,5385.6,135088,204024,80.27
2021/1/7,5405.6,5515.6,5395.6,5515.2,5461.2,143441,210288,54.86
2021/1/8,5529.8,5548.4,5439.4,5493.4,5474.6,151914,207231,50.43
2021/1/11,5497.6,5535.4,5396.8,5425.8,5424.6,162622,210436,64.56
2021/1/12,5419.6,5577,5413,5576.8,5549.4,166002,206395,79.75
2021/1/13,5585.6,5621.6,5524.4,5561.4,5551.8,169573,210744,70.77
2021/1/14,5546.8,5555,5456.2,5469.2,5476.6,170470,206148,42.06
2021/1/15,5485,5497.8,5384,5439.6,5449.2,175261,204827,59.48
2021/1/18,5426.6,5530.6,5401.6,5495.8,5502.2,127734,194552,121.72
2021/1/19,5506.8,5510.8,5403.8,5424.6,5417.6,133003,200403,105.72
2021/1/20,5428.2,5481.4,5415,5449,5451,133619,198341,130.63
2021/1/21,5473,5572,5466.2,5535.2,5541.8,145406,202986,126.97
2021/1/22,5531.8,5545.4,5482.6,5527.4,5523,129477,193992,147.98
2021/1/25,5528,5598.4,5497.2,5570.4,5562.8,144628,203702,166.92
2021/1/26,5545.4,5545.4,5466.4,5479.6,5484.8,127587,198247,156.97
2021/1/27,5485.4,5507,5435.4,5477,5477,114601,199825,180.8
2021/1/28,5429.2,5430.6,5343.6,5359.6,5360.4,140910,211230,123.74
2021/1/29,5391.8,5401.8,5260.2,5323,5304,152650,212455,139.16
2021/2/1,5329,5386.4,5326.4,5383.4,5378.6,113855,202589,156.45
2021/2/2,5395.4,5450.8,5386.8,5446.4,5443.2,112423,201418,190.89
2021/2/3,5445.4,5480,5424.8,5449.4,5455.2,107303,201833,174.2
2021/2/4,5425.8,5473,5387.8,5449.8,5443.8,132475,208493,154.95
2021/2/5,5468.8,5509.2,5444.2,5451,5467,130285,203943,162.41
2021/2/8,5476.4,5541.8,5458,5512,5519,127793,200375,188.36
2021/2/9,5538.4,5645,5517.8,5644,5633.8,129859,202391,183.45
2021/2/10,5656.4,5796.4,5654.8,5772.6,5771.2,133910,196125,160.12
2021/2/18,5891.8,5897.4,5692.6,5719,5717.6,167264,203767,172.38
2021/2/19,5708.4,5743.6,5647.6,5727.8,5730,147720,191472,168.84
2021/2/22,5738.6,5740,5551.8,5559.4,5587.4,157961,206790,144.33
2021/2/23,5537,5606,5516,5544.2,5540.8,133401,200643,151.67
2021/2/24,5561,5573.4,5344.4,5398.8,5392.2,179298,220347,152.57
2021/2/25,5453.4,5490.4,5405.8,5444.6,5427.4,143707,206345,136.56
2021/2/26,5339.4,5385,5279.4,5292.6,5316.8,167165,222598,147.16
2021/3/1,5337.4,5373.6,5314.2,5367,5362,122626,206646,157.98
2021/3/2,5390.6,5397,5236.2,5284.6,5273.6,161659,219855,173.63
2021/3/3,5276.4,5385.4,5271.2,5382.2,5376.4,127694,203215,182.41
2021/3/4,5335.6,5345,5201,5241.2,5231.4,159444,225704,149.91
2021/3/5,5175.8,5270.8,5130,5227.8,5241,170147,220032,144
2021/3/8,5263.6,5287.4,5017.8,5020.8,5052.2,185127,233463,165.82
2021/3/9,5034.8,5058.4,4897,4937.8,4956.2,215915,230561,135.8
2021/3/10,5006.4,5026.4,4943.2,4952.6,4976.6,165420,221556,153.61
2021/3/11,4982.8,5086.6,4976.8,5078.2,5053,167132,221815,163.22
2021/3/12,5091.4,5096.4,5022.4,5082.6,5072.6,154216,217929,181.18
2021/3/15,5065,5067.8,4937.4,4991.8,4966.4,167874,224702,158.54
2021/3/16,5007,5037.8,4963.2,5010.2,5009.2,155051,218167,186.36
2021/3/17,4999.6,5061,4955,5020.2,5028.4,176774,228224,204.66
2021/3/18,5042.2,5085,5029.2,5051.4,5043.6,181293,221019,221.77
2021/3/19,4989,4999.2,4870,4903.4,4893,197510,217251,223.09
2021/3/22,4908.4,4972.8,4882,4957,4955.4,128089,207478,212.55
2021/3/23,4965.8,4974.8,4871.6,4935.8,4915.8,136229,214248,186.25
2021/3/24,4919.6,4962.4,4857.4,4878.2,4873.8,145780,218064,156.69
2021/3/25,4868,4897,4833.8,4878,4875.6,129261,214441,154.35
2021/3/26,4902.2,5003,4902.2,4976.4,4986,151531,218148,173.79
2021/3/29,4986.4,5010.4,4945.6,4970,4974,124351,208421,190.28
2021/3/30,4972.4,5028.2,4960.2,5009.4,5007.8,117704,210393,202.73
2021/3/31,5001.4,5003,4928,4975.2,4964,119336,206868,186.36
2021/4/1,4996.4,5058.2,4984.4,5048.4,5037.6,120542,206704,182.38
2021/4/2,5061.2,5100,5043.6,5095.6,5085,117910,205462,188.76
2021/4/6,5104.2,5114.2,5042,5054.4,5060.4,113310,204747,203.14
2021/4/7,5065.6,5070,4987.8,5021.4,5019.8,114051,210540,197.94
2021/4/8,5004.8,5047,4982.8,5033,5036.6,117919,208399,204.21
2021/4/9,5023.4,5023.4,4948.6,4968.2,4968.6,121817,214253,186.34
2021/4/12,4969.8,4983.8,4881.2,4896,4893.4,141329,217239,169.55
2021/4/13,4912.2,4931.2,4869.2,4891.4,4881.6,138631,215716,163.84
2021/4/14,4901,4930.8,4886.2,4914,4917.8,133746,210703,178.63
2021/4/15,4903.6,4904.8,4826.4,4887.8,4875.6,161192,218305,165.97
2021/4/16,4901,4915.6,4853.8,4905.2,4907.2,156207,208542,157.78
2021/4/19,4898.6,5042.2,4872.4,5036.8,5031.4,158773,222783,187.02
2021/4/20,5013.4,5060.2,5009,5025,5030.8,118158,210509,204.57
2021/4/21,5000.8,5046.8,4986.2,5028.2,5034.8,115882,212963,211.54
2021/4/22,5049,5057.4,4998.4,5017.2,5011.2,115361,213017,223.24
2021/4/23,5023.2,5084.2,5015,5077.4,5068.4,131020,216192,218.05
2021/4/26,5096.2,5129,4998,5001.2,5017.6,154055,220925,229.04
2021/4/27,5014.8,5031,4985.4,5016.6,5019,110672,210586,223.72
2021/4/28,4996.6,5063.6,4983.6,5062.4,5044.6,122706,214890,205.24
2021/4/29,5071.4,5121.4,5055.6,5115.2,5108.8,134551,214746,191.17
2021/4/30,5101.4,5112.2,5029.2,5065.6,5067,134914,215604,197.09
2021/5/6,5063.8,5088.4,4982.8,5007.4,5016.8,145240,226025,191.92
2021/5/7,5024,5043.2,4941.8,4943.6,4956,138612,225290,179.05
2021/5/10,4960.6,4972.6,4900.2,4949.2,4934.4,132577,224444,167.82
2021/5/11,4915.8,4992.6,4878.8,4977.4,4974.8,139298,223744,171.26
2021/5/12,4966,5008.4,4940.8,5002.6,4996.2,120508,219484,169.15
2021/5/13,4962.4,4974,4919,4948.6,4943.8,135014,223479,167.97
2021/5/14,4966.4,5082.2,4939.6,5080.6,5073,170468,227410,147.79
2021/5/17,5077.8,5172.6,5077.2,5144.8,5150.2,152261,222182,151.99
2021/5/18,5155.4,5171.2,5123.4,5145.8,5142.4,115607,215663,147.6
2021/5/19,5131.8,5152,5110.2,5133,5130,118778,214904,137.47
2021/5/20,5128.2,5162.4,5106.8,5150.4,5152.6,141973,219858,130.41
2021/5/21,5167.6,5187.6,5070.2,5083.6,5087.8,160846,218198,133.95
2021/5/24,5092.4,5110.4,5042.8,5110,5102.8,117677,210684,125.59
2021/5/25,5120.8,5305.2,5115.6,5290.8,5290,167032,231357,111.48
2021/5/26,5296.6,5318.2,5275.6,5290.4,5292.2,113265,217035,109.99
2021/5/27,5281.2,5355.8,5255,5308.2,5307.2,134093,228736,108.43
2021/5/28,5306.2,5330.8,5256.2,5287.6,5273.4,137536,225931,114.89
2021/5/31,5285,5297.2,5246,5293,5284.8,111116,221629,117.77
2021/6/1,5284.6,5302.6,5224,5295,5292.8,139281,229468,133.08
2021/6/2,5303,5307.8,5218.8,5249.2,5242,137537,222962,132.97
2021/6/3,5250.2,5266.2,5200,5201.6,5214,133312,225177,142.49
2021/6/4,5187.8,5296.8,5175.2,5235.6,5227,172502,234104,135.08
2021/6/7,5239.8,5244.2,5190.4,5227.8,5222.4,104001,213893,139.03
2021/6/8,5227.4,5279.6,5149.8,5184,5179.8,157835,235589,139.12
2021/6/9,5179.6,5204.4,5165.2,5189.8,5184.2,109590,216456,141.05
2021/6/10,5186.4,5257.6,5182,5227,5222.2,151816,230722,142.87
2021/6/11,5235.6,5241.8,5172.8,5176,5183,132560,219938,132.7
2021/6/15,5177.8,5190.2,5090.4,5113.2,5115.8,140147,224792,133.76
2021/6/16,5116.6,5117.2,5022.4,5036.2,5037,145649,221715,115.09
2021/6/17,5031.6,5071.8,5027.2,5044.2,5043.2,143300,220016,117.49
2021/6/18,5042.8,5081.8,5011.8,5047.4,5056.8,159579,217618,100.87
2021/6/21,5038.2,5075.2,5005.2,5042.8,5036.8,119716,213545,90.79
2021/6/22,5062.8,5072.4,5026.2,5059.4,5054.8,115426,215196,112.56
2021/6/23,5066.2,5126,5056.6,5098.2,5096.8,127392,217146,93.39
2021/6/24,5107.4,5115.2,5079.8,5114.2,5107.6,87870,206561,83.57
2021/6/25,5115.4,5224.2,5115.4,5204.4,5212.4,130297,221875,75.17
2021/6/28,5219,5225,5187.4,5205.6,5201.6,87599,207579,87.76
2021/6/29,5202.6,5204,5143.4,5150.4,5156.6,100874,214070,76.54
2021/6/30,5156.4,5194.6,5154.8,5177.2,5176,92022,206180,83.44
2021/7/1,5196,5203.6,5112.6,5136.4,5141.2,137380,229026,140.46
2021/7/2,5131.6,5133,5024.2,5028.2,5038.2,131848,219154,95.12
2021/7/5,5029.8,5055.2,5013.8,5045.4,5037,92599,214368,79.39
2021/7/6,5050.2,5056.2,4998.4,5051,5027.6,119986,230021,72.9
2021/7/7,5027.4,5127.2,5022.4,5108,5112.2,127570,218887,69.69
2021/7/8,5114,5119.6,5047.8,5061.4,5061.4,112299,217701,63.86
2021/7/9,5046.8,5056.4,4983,5034.8,5039.8,135919,225837,71.84
2021/7/12,5069.8,5127.6,5043.6,5089.8,5091.8,154368,218591,88.71
2021/7/13,5093,5130,5082.4,5107.8,5106.2,119867,208757,86.5
2021/7/14,5099.8,5099.8,5036,5046.6,5049.2,141311,216704,85.48
2021/7/15,5048,5124,5035,5116.8,5116.4,158363,211638,79.66
2021/7/16,5110.4,5117.2,5057.4,5063,5063,124307,196286,73.57
2021/7/19,5050.4,5094.4,5006.4,5084,5080.8,120525,208064,95.49
2021/7/20,5059.4,5088.8,5042.8,5073.2,5077,94008,197242,102.59
2021/7/21,5086.8,5136,5086.8,5104.6,5113,120384,209576,118.64
2021/7/22,5114.4,5136.2,5100.2,5108.6,5109.2,89731,198101,131.35
2021/7/23,5102,5107.6,5045.4,5057.4,5055.4,108768,204524,111.43
2021/7/26,5036,5036,4826,4871.8,4868.6,167343,227746,142.1
2021/7/27,4875.2,4897.2,4674.4,4697.6,4747.8,161982,223608,140.71
2021/7/28,4707.2,4741.8,4633.2,4715.4,4722.2,162932,226312,132.48
2021/7/29,4793,4800.2,4749.2,4782.2,4784,118873,211975,148.07
2021/7/30,4747,4768,4704,4751.4,4752,117236,214821,140.57
2021/8/2,4746,4886,4714.6,4868,4874.6,153189,216102,149.74
2021/8/3,4855,4894,4833,4877.8,4879.2,107913,201507,137.06
2021/8/4,4871.4,4922.8,4864.8,4897.8,4903.6,101559,202663,164.45
2021/8/5,4868.8,4918.4,4854.4,4866.8,4876.2,106559,203256,166.27
2021/8/6,4870,4876.2,4829.8,4864,4855,97327,199052,147.36
2021/8/9,4841.6,4947,4823.4,4915.4,4921.2,124196,207020,158.96
2021/8/10,4910.2,4987.2,4878.6,4984.8,4969.2,130207,203579,149.95
2021/8/11,4975.4,5001.4,4941.4,4943.8,4948,102119,195332,165.34
2021/8/12,4936.4,4955,4909,4917.2,4922,88261,194242,145.95
2021/8/13,4907.8,4945.2,4870.2,4901,4894.6,113387,203963,137.18
2021/8/16,4895.8,4928.2,4884,4901,4895.6,101916,195571,130.87
2021/8/17,4898.8,4933.6,4782.4,4792.8,4800.8,144523,211166,125.6
2021/8/18,4801.6,4874.4,4786.6,4843.6,4844.4,132975,200202,128.24
2021/8/19,4832,4846.2,4780.6,4804,4805,136894,204249,135.54
2021/8/20,4788,4790,4668.6,4704.4,4701.4,156232,208225,134.07
2021/8/23,4730.2,4794.2,4713.4,4771.6,4773.6,108020,194027,136.08
2021/8/24,4791.2,4854.8,4788.2,4833,4836.4,106800,197423,124.79
2021/8/25,4846.2,4846.4,4805.4,4830.8,4828.6,85758,190709,141.56
2021/8/26,4824,4826,4739.8,4756,4756.6,107900,206901,114.81
2021/8/27,4752,4825.8,4750.6,4773.2,4776,117223,203665,131.64
2021/8/30,4795.6,4804.2,4729,4755.4,4743.8,116620,205746,134.47
2021/8/31,4756.8,4779.4,4683,4755.6,4744.2,129511,211643,125.61
2021/9/1,4748.2,4874.4,4715.4,4834.2,4831.8,162458,218762,105.66
2021/9/2,4833.2,4856.2,4807,4830.2,4829.6,95463,204010,111.41
2021/9/3,4838.6,4860,4797.6,4812,4814.6,123463,209867,94.06
2021/9/6,4812.4,4912,4808.2,4888.6,4896.2,128321,205263,111.93
2021/9/7,4892,4982.4,4870.8,4959,4966,128348,202107,100.23
2021/9/8,4958.8,4987.6,4918.2,4931.6,4933.6,108997,197465,106.53
2021/9/9,4917.8,4932.6,4889.8,4928.8,4924,95112,194996,109.61
2021/9/10,4928.2,5020.8,4928.2,4989.2,4994.6,137592,210587,85.52
2021/9/13,4981.6,5008.6,4924,4954,4949.4,120623,199832,100.46
2021/9/14,4957.2,4973.8,4864.8,4883,4884.8,144297,206941,98.76
2021/9/15,4877.6,4877.6,4803,4834.2,4822.6,133359,200880,88.72
2021/9/16,4837.2,4848.8,4772.8,4783,4786.8,154191,213064,67.7
2021/9/17,4783.2,4837.6,4761.4,4829,4827.4,137133,192668,63.34
2021/9/22,4764.2,4814.8,4749.2,4796.6,4793.8,105879,192725,62.77
2021/9/23,4818.4,4857.6,4801.4,4818.6,4814.2,91411,192177,73.2
2021/9/24,4814,4876.8,4812.8,4837,4839.6,104444,195862,49.43
2021/9/27,4863,4905,4825,4874.2,4864,130743,203953,40.17
2021/9/28,4859.6,4889.4,4833.8,4858.4,4861,95784,190049,61.83
2021/9/29,4829.2,4857.8,4778,4835.4,4838,123785,198780,37.13
2021/9/30,4836.8,4857.6,4829.6,4835.8,4845.6,78089,182349,66.38
2021/10/8,4877.4,4923,4875.4,4913.8,4915,105969,193262,51.54
2021/10/11,4924.4,4971.6,4909.6,4912.8,4922.2,96006,181433,58.19
2021/10/12,4900,4908.2,4820.4,4860.2,4844.2,117286,191992,54.84
2021/10/13,4856.4,4937,4852.4,4917.6,4920.2,110149,181707,54.51
2021/10/14,4917.8,4940.2,4879.2,4891.6,4897.2,105515,178194,51.61
2021/10/15,4881,4932.6,4865.8,4921.6,4923,105476,174294,35.11
2021/10/18,4908.2,4911.6,4814,4847.6,4838.2,103562,185079,84.78
2021/10/19,4850,4909.2,4850,4893.8,4898.4,79940,174396,86.72
2021/10/20,4908,4931.8,4876.8,4887.8,4889,78640,180149,84.58
2021/10/21,4897,4934.4,4866.4,4915,4899.4,98096,185208,83.82
2021/10/22,4925.6,4987.6,4920.8,4950,4953.4,104660,187103,69.73
2021/10/25,4935,4977,4924.2,4964.6,4967.4,84434,182700,73.92
2021/10/26,4975,5004.6,4933,4945,4944.2,89955,184118,77.9
2021/10/27,4924.2,4924.2,4857.6,4870.8,4870.2,96282,183201,83.16
2021/10/28,4862.4,4887.4,4843.2,4866.2,4858.2,84756,182215,54.14
2021/10/29,4867.4,4901.6,4856.2,4898.2,4896.2,84515,184052,67.97
2021/11/1,4873,4904.8,4853.2,4880.8,4886.2,74837,180259,60.49
2021/11/2,4886,4914.6,4791,4830.6,4821.8,118507,201253,55.45
2021/11/3,4831.2,4857.2,4797,4809.4,4816.4,85895,189858,62.71
2021/11/4,4835.6,4872,4829,4855,4855.4,76545,186332,61.14
2021/11/5,4850,4885.4,4840.2,4841.4,4850.4,77547,184989,43.55
2021/11/8,4843.8,4867.6,4821.6,4835.8,4842.2,73577,185760,58.18
2021/11/9,4855.8,4872.6,4808.8,4834,4836,86388,190284,58.14
2021/11/10,4824,4824.2,4735.4,4802.8,4793.2,110891,199377,65.19
2021/11/11,4793.6,4893.2,4793.6,4888.6,4883.2,107496,186978,59.65
2021/11/12,4897.4,4905.2,4868,4884.6,4884.2,73976,180918,52.17
2021/11/15,4894,4908,4859.8,4883.8,4880.6,74480,180592,48.18
2021/11/16,4888.2,4916.2,4867,4879.4,4878.2,90102,186289,48.52
2021/11/17,4878,4892.2,4857.6,4874.2,4872.6,79180,177491,52.35
2021/11/18,4860.4,4860.4,4811.4,4824,4825.2,103884,185181,49.42
2021/11/19,4820,4893.4,4812.2,4887.4,4885.4,109429,178243,39.06
2021/11/22,4894.8,4913.2,4885.2,4896.6,4900.4,70918,170991,57.2
2021/11/23,4891.4,4919.6,4882.8,4898.8,4899,61340,172356,55.35
2021/11/24,4903.6,4934,4886,4908.6,4912.4,77919,177987,47.66
2021/11/25,4908.6,4913,4878.8,4888,4888.4,63105,169665,47.44
2021/11/26,4875.2,4877.2,4836.4,4846.8,4848.6,68525,176045,52.93
2021/11/29,4822.2,4855,4813.6,4845,4837.4,78010,178718,43.22
2021/11/30,4855.6,4862.2,4797.4,4824.2,4814.2,82761,183134,45.43
2021/12/1,4831.2,4845.6,4819.2,4837.4,4838,62848,178093,45.25
2021/12/2,4835.2,4862,4817.2,4848.4,4848,71882,181489,46.36
2021/12/3,4851.4,4894.4,4839.2,4894.4,4886.6,86888,180106,52.42
2021/12/6,4906.8,4928,4879.8,4882.6,4892.2,82390,181993,55.82
2021/12/7,4918.2,4921,4888,4910.8,4903.2,84048,180939,62.3
2021/12/8,4916,4993.8,4902.2,4992.4,4984.6,106620,194101,57.53
2021/12/9,4997.6,5128,4991.8,5081,5092.2,137354,206783,38.69
2021/12/10,5058.8,5076.8,5049.8,5065,5058.8,99931,200000,27.92
2021/12/13,5101.8,5158,5075.4,5075.6,5084.2,129585,209831,42.2
2021/12/14,5061.4,5087,5043.8,5054.6,5054.2,99209,199421,27.7
2021/12/15,5045.4,5064.4,5005.2,5006,5015.4,107687,199366,32.7
2021/12/16,5015.2,5043,4996.8,5042.4,5035.6,119074,197161,21.93
2021/12/17,5029.6,5035.8,4969.2,4970,4975.8,118858,192135,8.76
2021/12/20,4958.6,4994.2,4895.4,4904,4907.2,106752,203506,-3.78
2021/12/21,4905.6,4939.6,4895.8,4920.2,4927,80625,196657,17.49
2021/12/22,4933,4944.6,4906.8,4916.4,4921.2,64586,194756,25.25
2021/12/23,4929,4963,4912.2,4956.6,4954.4,79451,200798,20.74
2021/12/24,4963.4,4970.2,4914.2,4932.4,4931.6,74836,194790,15.94
2021/12/27,4933.8,4958.6,4910.4,4942.4,4931.4,72030,198925,-2.48
2021/12/28,4946.6,4990.2,4938.4,4970.8,4975.6,88592,201872,11.16
2021/12/29,4975.2,4978.2,4899.6,4902.2,4909.4,90740,201739,0.48
2021/12/30,4905.4,4960.6,4899,4937.4,4937,87285,198287,5.91
2021/12/31,4953.6,4970,4930.4,4938,4943.4,70659,193556,27.77
2022/1/4,4955.4,4958.8,4867.6,4920,4916.8,93904,205113,23.77
2022/1/5,4915.8,4922.2,4851,4870.4,4873.4,106598,206351,22.12
2022/1/6,4856.6,4860.4,4780,4808,4811.4,103782,206870,38.23
2022/1/7,4821,4854.2,4818,4820.8,4827.8,82846,199263,24.77
2022/1/10,4812.8,4850.4,4784.2,4837.4,4839,76294,198561,31.65
2022/1/11,4837.6,4851,4790.8,4795.4,4800.4,84237,200649,23.17
2022/1/12,4817.4,4864.4,4813.2,4849.6,4854.2,88625,199011,13.38
2022/1/13,4862,4864.2,4764.2,4764.2,4775.6,101934,207111,17.72
2022/1/14,4753.8,4771,4716.6,4717.4,4727.4,94609,202756,27.53
2022/1/17,4725.4,4775.4,4725.4,4757.4,4760.4,83950,199134,29.08
2022/1/18,4758.2,4823,4741,4805.8,4801.8,100381,201143,30.35
2022/1/19,4813.4,4832.8,4762.4,4785.2,4778.2,107309,201737,15.38
2022/1/20,4785,4860.4,4785,4827.2,4834.6,130945,210317,11.91
2022/1/21,4819.4,4829.8,4780,4801.2,4793.6,110720,196308,-7.69
2022/1/24,4784.8,4814.6,4766,4801,4793,94040,199250,52.34
2022/1/25,4785,4791.6,4682.4,4685.8,4704.4,108184,205217,56.05
2022/1/26,4708.6,4724,4661.6,4714.4,4715.2,95352,203010,64.31
2022/1/27,4705.8,4706.2,4616.4,4632.8,4634,107715,207133,40.68
2022/1/28,4658,4662.6,4521.6,4529.4,4566.6,122576,208396,85.17
2022/2/7,4609.4,4658.4,4601,4619,4618.2,92644,200897,71.89
2022/2/8,4615.8,4618,4512.6,4599.4,4590.6,109874,213536,63.57
2022/2/9,4604,4651,4588.4,4641,4642.2,94651,203594,71.66
2022/2/10,4647.8,4651.8,4605.2,4627.8,4623,81001,202327,73.66
2022/2/11,4610.8,4655.4,4588.8,4589,4596.2,106860,212297,71.4
2022/2/14,4573.8,4592,4522.6,4543.6,4535.6,100455,206578,67.49
2022/2/15,4546.6,4589.6,4542.2,4581.6,4573.4,94152,203904,81.3
2022/2/16,4604.8,4627.4,4591,4602.2,4600.2,83657,197280,77.99
2022/2/17,4601.4,4641.2,4591.8,4609.6,4612.8,98563,202830,84.36
2022/2/18,4590,4639.2,4587.8,4637.8,4630.4,89690,190407,74.84
2022/2/21,4631.2,4633.2,4594.2,4616.6,4610.2,74864,196083,82.11
2022/2/22,4584.6,4584.6,4530.2,4558.6,4550.6,93670,205033,73.75
2022/2/23,4567.8,4608.8,4560.8,4604.8,4602.2,76405,194572,82.25
2022/2/24,4580.2,4587.6,4482,4522.6,4503.8,116523,217890,65.32
2022/2/25,4555.4,4610.8,4549.4,4561,4558.2,102945,202955,67.62
2022/2/28,4555.6,4568.6,4517.8,4562.2,4556.4,85610,203209,78.65
2022/3/1,4585.8,4608.4,4564.6,4596.8,4597.8,85293,199654,79.29
2022/3/2,4575,4577.6,4540.6,4563.4,4565.6,79081,200315,70.4
2022/3/3,4584,4591,4524,4534.4,4537.4,80195,204189,72.23
2022/3/4,4492.6,4523.8,4470.8,4489.2,4483.8,96288,213163,49.23
2022/3/7,4444.4,4444.4,4311.8,4326.6,4331,119434,218887,72.98
2022/3/8,4346.6,4362,4209,4222.8,4246.2,149634,218447,89.19
2022/3/9,4249.4,4278.6,4007.4,4185,4150.6,179311,225371,99.55
2022/3/10,4268.4,4293,4239.6,4243.4,4253,123754,212174,109.24
2022/3/11,4189,4293.4,4119,4287,4259.6,165427,227849,85.32
2022/3/14,4225.4,4243.8,4132.6,4133.2,4157.8,151131,222467,109.76
2022/3/15,4080.2,4127.8,3891.8,3893.8,3956.4,219078,238384,177.21
2022/3/16,3979.6,4142.4,3904.8,4120.2,4121.6,238929,226788,107.68
2022/3/17,4205.4,4260.4,4175,4185.4,4191.2,187553,219283,128.3
2022/3/18,4167.8,4231.8,4145.2,4210,4216.4,157055,204288,121.9
2022/3/21,4212,4217.6,4145.8,4184.6,4183.2,113850,202032,145.75
2022/3/22,4186.6,4228.4,4168.2,4183.4,4184.6,105478,205381,145.3
2022/3/23,4201.8,4232.8,4177.8,4212.6,4213,116532,209665,136.32
2022/3/24,4190.2,4218.8,4158,4190.6,4198.8,111893,210184,131.71
2022/3/25,4194,4208.6,4109.8,4109.8,4158.9,120958,216211,133.77
2022/3/28,4071.2,4126.8,4026.4,4098.4,4093.4,130620,223504,127.47
2022/3/29,4113.2,4137,4074.8,4083.4,4091,97112,214970,120.54
2022/3/30,4119.8,4228.6,4116,4227,4218.2,147252,221988,96.1
2022/3/31,4208.4,4221.2,4182,4190.2,4192.4,91201,206208,98.6
2022/4/1,4165.6,4263.2,4158.2,4239.8,4236.8,121529,217725,105.56
2022/4/6,4213.2,4235.6,4188.6,4210.2,4201.6,100720,204616,124.64
2022/4/7,4189.8,4227,4158.6,4165.2,4177.4,116923,219008,113.7
2022/4/8,4172.2,4203.4,4143.6,4203.4,4193.8,114693,210263,96.77
2022/4/11,4168.8,4170.8,4058.4,4071.4,4074.6,146141,223125,95.27
2022/4/12,4082.4,4155.8,4051.6,4149.4,4144.8,162350,215439,88.17
2022/4/13,4125.4,4163.2,4116.6,4119.8,4135.8,130094,209026,75.74
2022/4/14,4152.6,4196.6,4137,4162.6,4177.4,155482,214887,80.77
2022/4/15,4140.2,4186,4130.8,4162.4,4166.4,131370,199821,78.35
2022/4/18,4119,4143.6,4097.4,4138.4,4132.6,115690,204013,89.78
2022/4/19,4141.8,4166.8,4087.4,4117,4105,108231,209101,78.9
2022/4/20,4112.4,4121.6,4036.2,4036.4,4045.6,120939,217097,91.79
2022/4/21,4028.4,4062.2,3956.8,3978.4,3975.6,146904,229009,77.43
2022/4/22,3948,4022,3933.2,3991.2,3998.8,124725,217064,80.85
2022/4/25,3912.6,3945,3782.2,3792.4,3834.4,171020,241271,60.71
2022/4/26,3812.2,3861.8,3754.6,3764.2,3777.2,167744,233107,69.12
2022/4/27,3758.6,3864.4,3756.8,3864.4,3853.6,168874,230686,82.94
2022/4/28,3851.6,3899.4,3842,3891,3878.8,144244,219471,84.91
2022/4/29,3909.4,3995.8,3865.6,3995,3981.6,159855,227512,78.44
2022/5/5,3984,4004.2,3967.6,3971.6,3977.6,103054,212531,93.21
2022/5/6,3910.6,3919,3854.6,3858.2,3866.4,123802,223001,100.42
2022/5/9,3843,3870,3803,3827.4,3820.4,101909,217626,106.44
2022/5/10,3783.8,3908,3760.2,3891.4,3884.4,149192,227823,81.87
2022/5/11,3893.2,3995.2,3891.4,3931.2,3950,139406,217865,102.82
2022/5/12,3920,3949.2,3899.2,3917.4,3919.2,115039,217435,100.54
2022/5/13,3951.8,3968.6,3919.2,3948.6,3946.6,113022,215915,98.4
2022/5/16,3976.6,3984.4,3897.8,3903.2,3907.6,120617,220269,110.74
2022/5/17,3922,3964.6,3911.2,3963,3958.4,116820,216877,104.89
2022/5/18,3965.4,3977.4,3912.2,3946.4,3958.6,126386,219582,106.71
2022/5/19,3903.6,3958.2,3902.6,3957,3948.2,139317,223072,99.6
2022/5/20,3981,4046.4,3980.6,4045,4034.6,155887,212619,80
2022/5/23,4044.8,4044.8,3976.6,3994.8,3999.2,105923,210406,110.98
2022/5/24,3999.2,4000,3915.8,3918.8,3932.2,107442,215292,91.95
2022/5/25,3927.8,3942,3909.8,3936.6,3928.4,89177,210237,99.78
2022/5/26,3937,3979.4,3882.8,3948.8,3950.2,128754,224246,95.64
2022/5/27,3983.6,4019,3945,3962,3956.2,121216,216219,90.7
2022/5/30,3984.2,4005.6,3964.6,3979.4,3978.8,96424,213154,101.82
2022/5/31,3981,4061.6,3973.8,4046.8,4050.4,123360,221987,98.72
2022/6/1,4045.2,4052,4013.6,4035.8,4029.8,89385,208560,101.18
2022/6/2,4019.4,4052.2,4010.6,4047,4044.4,90217,211578,95.17
2022/6/6,4046.8,4121.4,4012.4,4119,4114.8,129175,221006,102.49
2022/6/7,4108,4154,4101.6,4126,4131.2,99739,209493,107.13
2022/6/8,4139,4181.2,4116.4,4175,4164,124176,221406,99.81
2022/6/9,4166.8,4187.4,4122.4,4138.8,4137.8,118029,210637,87.67
2022/6/10,4112.4,4216.2,4112.4,4204.2,4204,130966,216083,82.99
2022/6/13,4166.2,4178.4,4118.8,4148,4135.6,138728,213509,99.75
2022/6/14,4114.8,4194,4063.8,4193.4,4156.4,159575,216857,80.31
2022/6/15,4202.2,4318.2,4194.2,4240,4269.4,205896,231328,79.22
2022/6/16,4254.4,4271.6,4197.4,4203.2,4210.4,156268,215355,81.06
2022/6/17,4188.8,4276.2,4180,4263.4,4258.2,170859,206454,78.64
2022/6/20,4273.6,4321,4236.8,4264.6,4274.8,127208,198036,94.23
2022/6/21,4268,4310.8,4236.8,4269.2,4261,125471,204472,82.97
2022/6/22,4272.2,4276.4,4208.8,4211,4220.4,121388,196482,91.62
2022/6/23,4227,4300.2,4218.2,4298.4,4291.4,121057,202151,76.08
2022/6/24,4311.4,4358.2,4296.2,4348,4345.4,121334,202157,76.57
2022/6/27,4372,4436,4370.8,4393.6,4399.2,120990,206301,78.26
2022/6/28,4388.8,4462,4366.4,4448.6,4443,112602,204366,69.32
2022/6/29,4438,4462.8,4384,4398.8,4400.2,122112,210785,47.96
2022/6/30,4400,4484.4,4400,4445.8,4457.6,126399,212087,64.61
2022/7/1,4452.6,4460.4,4405,4427.4,4421.2,108643,204286,66.72
2022/7/4,4408.8,4452.4,4381,4452,4442.2,110265,206619,77.83
2022/7/5,4467,4499.8,4388.4,4438.6,4420.8,136814,214731,88.14
2022/7/6,4427.2,4439.6,4355.2,4380.8,4372.8,126295,207340,77.37
2022/7/7,4381,4418,4353,4395.4,4396.4,102364,198918,83.67
2022/7/8,4421.2,4442.2,4385.2,4389,4396,105624,201483,74.98
2022/7/11,4365.6,4367.8,4296.4,4315.8,4314.4,123768,206261,72.22
2022/7/12,4321,4334.4,4265.2,4279.6,4282.8,127182,207318,69.22
2022/7/13,4287,4305.2,4257.4,4282.8,4279.8,118776,197657,72.46
2022/7/14,4272.2,4316.4,4261.6,4286.6,4282.4,137855,200535,65.87
2022/7/15,4274.2,4325.8,4201.2,4201.4,4231.8,163434,197647,76.53
2022/7/18,4215.8,4278.6,4187,4262,4259.4,119649,190685,77.59
2022/7/19,4254.4,4257.8,4204.6,4244.4,4245.2,104048,191106,67.74
2022/7/20,4267.8,4283.2,4241,4251.8,4253.2,85592,184168,74.6
2022/7/21,4239.2,4261,4203.2,4204.2,4220,91551,190053,73.86
2022/7/22,4220.6,4259.2,4179.8,4214,4212.6,119838,191591,68.03
2022/7/25,4208,4211.4,4176,4196,4196,87051,183508,60.84
2022/7/26,4208.2,4248,4200,4225.2,4225.4,97060,187233,60.18
2022/7/27,4216.4,4223.8,4194.6,4203,4204.6,84836,185033,60.44
2022/7/28,4221.4,4259.2,4200.8,4204.2,4209.2,116114,196297,59.07
2022/7/29,4210.6,4235.4,4133.8,4140.8,4146.4,130219,198010,69.5
2022/8/1,4135.4,4174,4105.6,4160.8,4159,103220,192176,72.88
2022/8/2,4117.6,4123.2,4052.8,4097.6,4104.2,126141,197954,53.02
2022/8/3,4116,4140.8,4039,4048.4,4058.4,110095,193999,54.78
2022/8/4,4076,4090.2,4051.4,4080,4079,92402,188112,58.54
2022/8/5,4093.6,4153,4078.8,4146.6,4139.8,102361,194348,47.51
2022/8/8,4134,4148.4,4119.4,4131.4,4132,73130,184419,52.67
2022/8/9,4127.4,4146.6,4116.4,4136.4,4135.2,70866,187115,58.69
2022/8/10,4129,4141.2,4072,4090,4086.2,82278,188699,54.34
2022/8/11,4111.4,4188.2,4101.6,4183.8,4183.6,111619,194116,45.34
2022/8/12,4177,4194.8,4166,4184.6,4187.8,78666,181531,43.75
2022/8/15,4174.8,4215.6,4165.6,4173,4175.6,90725,186660,45.08
2022/8/16,4180.4,4202.8,4157,4163.2,4165.2,81839,179865,46.24
2022/8/17,4171.2,4218,4139.4,4202.8,4208.4,112284,192873,45.76
2022/8/18,4195,4203.8,4158.2,4165.8,4167,98332,182539,48.7
2022/8/19,4166.4,4179,4134,4137.2,4139.2,92158,177576,43.07
2022/8/22,4124.2,4178.6,4122,4162.2,4167.6,82118,176621,47
2022/8/23,4165.6,4181.4,4127.6,4148,4143.8,78324,177891,41.48
2022/8/24,4159.2,4166.8,4060.2,4073.6,4071.6,96067,183379,37.62
2022/8/25,4087.6,4116,4052,4108.8,4094.6,91935,179226,31.44
2022/8/26,4116.2,4129.4,4093.6,4101.6,4101.2,71470,172372,24.75
2022/8/29,4063,4091.2,4054,4077.8,4076.2,76971,175351,34.12
2022/8/30,4079.2,4085,4032,4070.4,4067.4,83164,179231,29.59
2022/8/31,4058.8,4116.4,4044.4,4075.8,4076.4,108476,185064,24.84
2022/9/1,4064.6,4087,4029.8,4038.2,4045.4,80603,175949,23.94
2022/9/2,4047.8,4050.8,3994.4,4015.4,4009.6,81809,180675,29.01
2022/9/5,4000.8,4013,3970.2,4012,3999.2,76969,177554,24.63
2022/9/6,4019.6,4046.6,4004,4041.8,4038.2,84643,179415,26.88
2022/9/7,4026.6,4062.8,4025.4,4050.2,4046.2,70027,172419,21.38
2022/9/8,4059,4064,4029.4,4031.4,4034.2,66887,171272,24.48
2022/9/9,4040.4,4099,4038.4,4091.2,4093,94313,176508,20.59
2022/9/13,4100,4128.2,4097,4103,4109.6,93949,173096,21.31
2022/9/14,4066.8,4089.4,4048.4,4062.8,4063.6,103375,178687,16.96
2022/9/15,4071.2,4081,4000.4,4025.2,4017,130246,185818,15.32
2022/9/16,4013.8,4022.4,3930.8,3934.2,3941.4,122257,175650,11.08
2022/9/19,3925.8,3948.4,3907.6,3924.2,3921.8,76051,170541,15.4
2022/9/20,3939.6,3957,3914.4,3924.4,3923.4,62819,167010,16.24
2022/9/21,3918.2,3923.4,3877.2,3891.4,3904.4,81918,176481,22.33
2022/9/22,3875.2,3898,3851.2,3865.8,3868,73746,169475,11.94
2022/9/23,3862.4,3888.2,3825.2,3859.8,3861,101334,185123,6.02
2022/9/26,3841,3898.4,3831.8,3837.6,3845.8,94531,180546,7.88
2022/9/27,3848,3896.8,3830.8,3887,3885.2,84767,179205,14.9
2022/9/28,3875.8,3876.6,3829,3833.6,3839,81698,173626,3.11
2022/9/29,3863,3879.8,3812.6,3837.8,3831,88163,181714,-5.86
2022/9/30,3845.8,3858.8,3804.8,3808,3813.8,87533,178438,0.89
2022/10/10,3811,3814.4,3716.4,3728.2,3731.2,92429,184805,-5.86
2022/10/11,3735,3747.6,3714.6,3730,3733.6,79900,179181,-5.31
2022/10/12,3727.2,3789.4,3658.6,3786.2,3768.4,117117,193476,-4.89
2022/10/13,3764.2,3789.6,3748.8,3756.6,3758.4,93988,182395,-5.33
2022/10/14,3787.6,3865.4,3787.6,3840.6,3845.4,103554,181673,4.27
2022/10/17,3830.6,3843.8,3808.2,3835.6,3837.8,82553,173019,15.81
2022/10/18,3856.4,3868.2,3819.8,3829,3827.4,96490,179271,19.27
2022/10/19,3822.4,3838.4,3764.8,3766.6,3771.6,100955,178426,17.93
2022/10/20,3747.8,3804.4,3723,3753.8,3751.4,122660,190146,5.33
2022/10/21,3759.2,3768,3716.2,3731.2,3730.6,100518,174512,16.89
2022/10/24,3716.6,3770.4,3599.8,3626.6,3622.4,139553,197912,37.17
2022/10/25,3625.8,3679.6,3595,3624.6,3630.2,125100,191003,31.45
2022/10/26,3631,3709.4,3631,3654.2,3648,117871,188753,32.1
2022/10/27,3673.2,3695.4,3629.4,3630.6,3642,105658,189567,28.34
2022/10/28,3622,3626,3531.4,3538.6,3547.2,122196,198196,28.53
2022/10/31,3508.2,3556.6,3488.6,3501.8,3502,122617,199183,32.5
2022/11/1,3525.4,3648.6,3520,3647,3627.4,150805,201127,6.17
2022/11/2,3630.4,3712.2,3625.2,3679.4,3684,128437,196138,17.21
2022/11/3,3660.6,3676.8,3632.2,3650.6,3652.2,97699,189267,16.3
2022/11/4,3652.2,3799.4,3652.2,3781.8,3781.4,137971,203501,-1.83
2022/11/7,3756.6,3802.2,3756.6,3783,3780.2,106520,196617,7.3
2022/11/8,3783.8,3791,3737,3759.2,3750.8,94692,197520,2.13
2022/11/9,3762.6,3774.2,3714.4,3715.4,3721.8,99590,194752,8.27
2022/11/10,3700,3712.6,3672.4,3694.2,3697.2,106546,202179,0.69
2022/11/11,3799.4,3847.8,3758.6,3797,3817.6,161075,218426,-7.56
2022/11/14,3832.8,3864.2,3788.8,3796.4,3801,127797,206847,1.82
2022/11/15,3794.8,3884,3783.4,3874,3871.4,135468,216042,-4.83
2022/11/16,3864.4,3886.4,3839.2,3843.8,3846.2,107480,202916,-4.61
2022/11/17,3827.4,3829.2,3782.2,3827.2,3814.4,125194,209086,-0.54
2022/11/18,3833,3849.6,3806,3813.2,3816.8,119693,195897,-4.63
2022/11/21,3777.6,3783.2,3736.8,3781,3776.4,92861,197108,-7.87
2022/11/22,3782.4,3820.2,3754,3777.4,3770.8,103839,200675,-0.63
2022/11/23,3768.2,3807,3763.2,3783.2,3785,97777,197437,-4.67
2022/11/24,3804.2,3819.6,3759.4,3763.6,3767.8,86963,195783,-3.79
2022/11/25,3762.4,3804.8,3754,3785,3788.8,94310,198252,-7.02
2022/11/28,3703.6,3749.6,3676.4,3739.8,3735,117624,205882,-2.76
2022/11/29,3774.8,3869.2,3773.8,3861.6,3856.8,127401,206192,-8.78
2022/11/30,3850,3879.2,3848.4,3862.6,3856,85355,195887,-4.76
2022/12/1,3937.6,3964.6,3907.6,3908.6,3912.8,105613,207128,-11.63
2022/12/2,3904.2,3919.4,3888,3889.2,3893.8,87446,204559,-20.05
2022/12/5,3933.4,3958.2,3914,3952.4,3948,112551,214050,-4.12
2022/12/6,3937.4,4002.4,3937.4,3974,3970.8,119456,212392,-2.8
2022/12/7,3967.4,4017.6,3948.8,3962.8,3959.4,120908,217108,-2.56
2022/12/8,3964.6,3983.8,3953.2,3974.6,3969.4,94118,207324,-9.02
2022/12/9,3977.4,4018.8,3958,4009.2,4005.6,116992,217533,-6.76
2022/12/12,3990.2,3995,3965.4,3969.8,3972.2,106438,201093,-16.76
2022/12/13,3970.4,3982.2,3954.4,3958.2,3966.2,99044,202127,-12.32
2022/12/14,3964,3987.2,3950.2,3972,3967.6,118070,204525,-17.11
2022/12/15,3976.2,3981.8,3947,3970.4,3971.4,122866,202596,-20.01
2022/12/16,3954,3985.8,3951.2,3978,3970.2,127808,197983,-22.77
2022/12/19,3977.4,3996.2,3902.6,3918.4,3913,109027,201746,-24.58
2022/12/20,3908.4,3910.6,3836,3860.2,3856.4,100085,203960,-31.78
2022/12/21,3868.8,3874.6,3843.4,3854.4,3851.6,71339,197671,-24.26
2022/12/22,3881,3904.8,3842.6,3862.2,3857.4,88039,207113,-25.97
2022/12/23,3843.2,3879,3835,3854.2,3848.2,82574,200616,-28.58
2022/12/26,3860.6,3888,3857.8,3863,3865.4,63807,198628,-24.51
2022/12/27,3887.4,3917,3884.6,3909.8,3911.6,74488,204460,-26.15
2022/12/28,3901.6,3907.8,3880.2,3895,3895,65577,198832,-28.54
2022/12/29,3879.2,3890.2,3856,3878.2,3879.4,67398,199991,-26.1
2022/12/30,3896.6,3907.4,3887.2,3888.6,3894.6,59812,197214,-18.77
2023/1/3,3874.2,3917.4,3844.2,3903.6,3909.4,92575,214290,-18.9
2023/1/4,3903.8,3919.2,3885,3905.2,3902,74439,199968,-12.45
2023/1/5,3927,3987.6,3924.2,3979.8,3980.4,100456,211051,-9.42
2023/1/6,3979,4012.6,3977,3996.8,3996.2,84486,204109,-14.91
2023/1/9,4017.4,4038.6,4005,4018.2,4023.6,85024,209635,-3.48
2023/1/10,4019.2,4042.4,4010.8,4023.6,4027.4,71289,201639,-4.13
2023/1/11,4028.2,4054,4018.8,4024,4027.8,79086,209675,-12.97
2023/1/12,4037,4045.2,4020,4032,4033,70405,203107,-12.93
2023/1/13,4045,4098.8,4040.4,4098.4,4080,87909,215689,-22.42
2023/1/16,4099.6,4214.4,4099.6,4167,4167.8,143911,233021,-35.24
2023/1/17,4165.2,4178.2,4149.8,4164.8,4161.6,87038,224713,-35.36
2023/1/18,4170.6,4179.6,4152.2,4155,4158,82967,221943,-31.89
2023/1/19,4147.6,4183,4125.4,4180.4,4173.4,103789,226645,-31.19
2023/1/20,4193,4216.6,4186.8,4198.2,4201.2,94729,213645,-18.87
2023/1/30,4284,4286,4213.6,4215.2,4219.6,95726,223473,13.55
2023/1/31,4220,4237.2,4174.6,4177.8,4182.6,87718,225333,3.06
2023/2/1,4192,4207,4154,4205.4,4199.4,104007,231905,13.33
2023/2/2,4214.2,4215.4,4177.6,4189.2,4186.4,96480,222141,18.15
2023/2/3,4163.6,4166.2,4107.8,4144,4142.6,114739,225028,31.63
2023/2/6,4105.4,4106.2,4062.4,4085,4082,106220,214682,34.88
2023/2/7,4101,4106,4075.2,4095.8,4091.4,83515,209578,30.83
2023/2/8,4102.2,4116.2,4075.6,4080.8,4082.6,75930,209542,26.54
2023/2/9,4074.2,4142.2,4074.2,4136.6,4136.8,100774,212633,31.26
2023/2/10,4129.4,4130,4093.4,4109.8,4109.4,79058,205502,26.11
2023/2/13,4094.8,4144,4088.8,4138.6,4137.4,91840,210015,39.57
2023/2/14,4144.6,4152.4,4125.2,4151.2,4141.8,76842,202746,31.29
2023/2/15,4150.6,4161.6,4113.8,4121.2,4119.2,87789,206265,41.69
2023/2/16,4127.2,4176.8,4069.2,4091.8,4106.8,142684,221681,43.49
2023/2/17,4091.8,4108.6,4029.2,4031.2,4047.6,115980,206629,40.71
2023/2/20,4042.6,4143,4031.4,4140.8,4132,111483,207905,37.29
2023/2/21,4136,4157.2,4120,4144.2,4136.2,84843,203349,37.35
2023/2/22,4126.8,4140.4,4097.6,4104.2,4103.8,82972,205331,41.35
2023/2/23,4110.4,4130.4,4084,4102,4095.6,87734,203883,41.05
2023/2/24,4098,4100.8,4041.2,4061.2,4059.2,93019,207876,38.85
2023/2/27,4042.4,4064.4,4029.6,4045.2,4042.2,78462,202826,38.44
2023/2/28,4060,4080,4019.8,4073.8,4061.2,88915,211733,34.66
2023/3/1,4070.6,4141.4,4062.6,4128,4127.6,113252,216064,35.34
2023/3/2,4119.8,4138.8,4115.2,4120.2,4121,68047,202897,37.74
2023/3/3,4135.2,4141,4099.6,4128.6,4131.8,80171,210181,41.55
2023/3/6,4126,4128.8,4080.2,4096.2,4100,93950,209086,57.01
2023/3/7,4093,4117.6,4038.2,4040,4050.2,114722,214927,50.85
2023/3/8,4024.6,4036.2,4008.4,4027.8,4020.4,82230,205715,48.31
2023/3/9,4030.8,4035.8,3991.6,4014.6,4017.2,94343,212520,48.25
2023/3/10,3988,4003.4,3954.4,3957.4,3964,109036,207331,53.54
2023/3/13,3963,4006.6,3963,4001,3997.2,107726,209294,54.09
2023/3/14,3992.4,3995.4,3941.2,3978,3983.4,123086,210507,56.5
2023/3/15,4005.6,4014.4,3972.8,3975.2,3979.2,114847,205623,61.9
2023/3/16,3949.8,3974,3920.4,3925,3932.4,128580,213546,62.95
2023/3/17,3954.2,4006.6,3932,3951,3952,157715,211100,50.82
2023/3/20,3955.6,3975.2,3925.4,3930.6,3932.2,85495,199877,48.08
2023/3/21,3947.6,3978.6,3942.2,3973.6,3972,83402,200024,50.78
2023/3/22,3986.4,4007.4,3975.6,3990,3986.6,80849,195305,48.24
2023/3/23,3978.8,4032,3978.8,4031.6,4025.8,87391,199307,46.29
2023/3/24,4025,4033.6,4013,4027.6,4022.2,68159,192889,36.45
2023/3/27,4022.2,4022.2,3986.2,4005.8,4004.8,82215,202742,41.28
2023/3/28,4015.4,4019.6,3992,3996.6,3996.8,68419,196558,37.31
2023/3/29,4016.2,4018.6,3990.2,3996.2,4001.4,73098,198911,43.54
2023/3/30,4001.2,4040.6,3980.6,4039.4,4032.8,106534,206463,38.73
2023/3/31,4045.4,4063.4,4039.8,4051.2,4048.6,78209,196503,34.33
2023/4/3,4056,4090.2,4051.4,4077.8,4081.6,83792,201700,49.77
2023/4/4,4077.2,4101.2,4070.4,4099.2,4091.4,74414,197280,38.11
2023/4/6,4082.2,4093,4073.6,4085.2,4084,61279,194369,45.64
2023/4/7,4090.2,4127.2,4085.6,4115.6,4117.8,68377,196613,40.28
2023/4/10,4125.8,4127.6,4098.4,4100.4,4102.2,73477,200438,33.61
2023/4/11,4105.2,4112,4078.8,4091.8,4087.6,71040,201407,35.35
2023/4/12,4096.6,4098,4080.8,4087.2,4086,59035,195995,38.29
2023/4/13,4076.4,4084.4,4055.8,4063.2,4064.6,78513,207228,33.98
2023/4/14,4077.6,4093.6,4071.8,4083.8,4082,74126,200453,40
2023/4/17,4078.4,4144.4,4078,4143.4,4135,94708,208408,39.58
2023/4/18,4137.4,4163.8,4137.2,4152.6,4153.4,81661,202602,41.63
2023/4/19,4152.2,4152.6,4116.2,4118.4,4123.6,83445,206326,35.56
2023/4/20,4119.2,4122.6,4091.4,4100.4,4100.4,90709,205359,44.22
2023/4/21,4103.2,4105.4,4025,4025.4,4035,114815,205567,40.37
2023/4/24,4029.8,4030.8,3957.2,3974.6,3968.2,98031,209759,40.44
2023/4/25,3979.4,3983,3920.8,3956.2,3952.8,101833,216001,42.67
2023/4/26,3952.4,3968.4,3936.4,3951,3953.4,79930,212087,39.23
2023/4/27,3945,3998,3939,3984.2,3981.8,76918,210732,38.42
2023/4/28,3988.4,4023.6,3988.4,4017.6,4013.2,71667,205866,41.09
2023/5/4,4004.4,4021.4,3991.6,4018.8,4014,67392,205143,38.25
2023/5/5,4019.2,4030,3979.6,4000,4001.2,76170,205664,42.08
2023/5/8,4011.2,4050.4,4003.2,4040.4,4042.6,81999,206212,47.66
2023/5/9,4042.6,4072.6,4008,4008.2,4021,101928,211041,40.48
2023/5/10,4007,4009.2,3974.8,3980.6,3981.2,91250,210507,34.47
2023/5/11,3989.4,3999.2,3970.6,3972.8,3976.6,59869,204150,35.66
2023/5/12,3971.6,3987.4,3918.4,3919.8,3927.8,88091,214896,33.96
2023/5/15,3919.6,3988.4,3913.6,3987.2,3979.6,102777,211528,27.89
2023/5/16,3986,3994,3954,3970.2,3964,79635,206394,17.61
2023/5/17,3968.4,3975,3934.6,3943.4,3940.8,83228,210762,24.97
2023/5/18,3951,3970.2,3918.2,3935.2,3932.4,101630,211606,32.47
2023/5/19,3925.4,3954.2,3908.4,3930.2,3931.6,95667,203392,23.34
2023/5/22,3929.6,3972,3916.6,3946.8,3949.6,93781,208846,36.93
2023/5/23,3946.2,3957.2,3884.4,3886,3901.2,88534,207542,35.99
2023/5/24,3877.4,3883,3834,3837.2,3846.6,101712,218309,34.09
2023/5/25,3829.6,3839.6,3792.2,3823.2,3815.2,100023,216745,37.5
2023/5/26,3820,3841,3792,3831,3830.8,96198,220619,28.35
2023/5/29,3849.2,3850.8,3797,3815,3811.4,80339,217207,28.94
2023/5/30,3811.4,3827,3765.8,3816,3808.8,102950,225153,30.75
2023/5/31,3802.4,3807,3762.2,3781.6,3780.8,87425,216796,24.34
2023/6/1,3778.6,3821.4,3774.8,3789.4,3791.6,95981,220619,21.87
2023/6/2,3810.2,3852.4,3810.2,3840.2,3845.2,89186,211047,24.03
2023/6/5,3840.2,3840.2,3810,3822,3821.6,67429,209427,27.85
2023/6/6,3818.6,3850.4,3778.2,3781.6,3792.4,101494,220615,33.96
2023/6/7,3795.2,3802.8,3756.2,3768.4,3766.4,90814,214281,28.34
2023/6/8,3773.4,3815.6,3755.2,3796.4,3794.8,98280,217922,34.19
2023/6/9,3805.8,3820,3793,3817.6,3814.4,84030,210249,29.7
2023/6/12,3808.2,3841,3798.6,3816.4,3826.6,103297,218558,42.83
2023/6/13,3813,3847.8,3811.6,3843,3840.2,103486,212437,37.31
2023/6/14,3851.6,3868.6,3836.8,3839.4,3842.4,116417,215880,36.42
2023/6/15,3851.8,3900,3848.4,3899.2,3893.8,126402,216491,33.7
2023/6/16,3904.2,3948.2,3904.2,3937.2,3941.4,116619,202673,19.95
2023/6/19,3931,3933.6,3903.8,3908.6,3909.6,68836,199748,11.11
2023/6/20,3906.6,3919.2,3893.6,3898,3899.8,65292,201490,19.44
2023/6/21,3880.6,3894.6,3837.6,3837.8,3851,84505,202407,23.03
2023/6/26,3811.2,3821,3784.8,3799,3794.6,91289,210585,0.9
2023/6/27,3804.2,3833.6,3790.2,3822.8,3826.4,73327,203548,13.43
2023/6/28,3816,3829.4,3788.6,3827.6,3823.8,73901,207492,2.8
2023/6/29,3829.6,3832,3798.2,3811.2,3816,63487,204049,0.44
2023/6/30,3807.8,3854.2,3804.2,3833.2,3836,70503,205726,-2.35
2023/7/3,3844,3892,3844,3878.4,3879.2,76064,208026,1.68
2023/7/4,3875.2,3888.4,3870.8,3885.8,3882,48798,200320,3.01
2023/7/5,3879.8,3885.2,3850,3854.4,3857.2,60638,205046,5.41
2023/7/6,3844.4,3869.6,3821.6,3826.8,3827.4,73057,208061,3.35
2023/7/7,3819.2,3831.6,3806.4,3812.6,3816.2,74628,212044,0.7
2023/7/10,3837.6,3857.4,3818.8,3831.4,3830.8,69455,209848,2.53
2023/7/11,3845.4,3863.2,3834.8,3858,3857.2,70532,209010,1.69
2023/7/12,3859.2,3866.6,3828,3836,3837.4,71419,211653,-2.96
2023/7/13,3854.6,3904.6,3854.4,3902.4,3899.8,89691,215559,-15.38
2023/7/14,3911,3912.4,3896.8,3900.2,3901.4,58318,209574,-13.9
2023/7/17,3884,3884,3850.2,3865,3862.4,73212,208821,-9.43
2023/7/18,3873.4,3875,3847.6,3860.6,3860.8,72621,211213,-18.66
2023/7/19,3850.6,3867,3839.6,3861.6,3857.6,85094,214868,-23.93
2023/7/20,3873,3888.8,3826.2,3832.2,3840.2,113054,223750,-20.91
2023/7/21,3829.8,3865,3822.2,3838.4,3835.8,108730,214693,-30.09
2023/7/24,3812.6,3843.6,3810.8,3818.8,3815.6,66327,214881,-41.78
2023/7/25,3882.6,3931.4,3882.6,3931.2,3927,110399,227385,-39.88
2023/7/26,3923.2,3928.6,3909,3921.2,3918.8,62920,215248,-39.99
2023/7/27,3931.8,3943.4,3901.4,3915.8,3911.4,79008,219813,-39.65
2023/7/28,3902.4,4023.6,3901,4015.6,4013.2,123043,239797,-48.26
2023/7/31,4049.4,4088.8,4024.8,4033,4037.2,119903,243911,-50.37
2023/8/1,4030.2,4054.4,4007.2,4018.4,4015,86680,239859,-55.2
2023/8/2,4010.6,4031.4,3977.2,3986,3985.6,100752,247425,-51.1
2023/8/3,3983.6,4020.6,3982.2,4019,4012.4,90239,243123,-49.02
2023/8/4,4057.6,4083,4028,4037.4,4043.2,135627,262497,-52.22
2023/8/7,4025.2,4025.2,4001.6,4016,4008.2,78675,247111,-62.85
2023/8/8,4000.8,4026,3987.2,3999.4,4001.4,89547,254863,-61.67
2023/8/9,3990.6,4007.2,3987.2,3995.4,3992.6,68156,247760,-71.83
2023/8/10,3993,4004,3964.2,3993.2,3994.2,95631,264979,-64.88
2023/8/11,3993.8,3999,3890.4,3892.8,3909.2,140833,264656,-55.35
2023/8/14,3851.2,3876,3829.8,3869.6,3869.2,119767,259073,-62.29
2023/8/15,3876.8,3881.4,3826.4,3865.8,3860.2,118163,256823,-68.06
2023/8/16,3848.2,3869.6,3835.2,3836,3841.6,102930,252394,-63.87
2023/8/17,3820.6,3859.6,3804,3852,3847.6,126687,260946,-67.3
2023/8/18,3853.2,3863.6,3796,3797.2,3812.6,123236,247494,-56
2023/8/21,3786.6,3803,3741.6,3742.4,3757.8,113427,257458,-57.04
2023/8/22,3761.6,3787.2,3719.4,3768.6,3765.8,132600,263483,-52.37
2023/8/23,3762.6,3768.6,3703,3711.6,3720.6,110313,257148,-56.17
2023/8/24,3729.4,3767.8,3718.6,3736.6,3743.2,104916,259402,-51.37
2023/8/25,3718.2,3756.6,3712.6,3729.4,3725,113779,264834,-62.45
2023/8/28,3931.6,3933.6,3754.2,3766.8,3769,191333,290513,-58.38
2023/8/29,3767,3840.4,3767,3808.2,3811,149180,274318,-67.49
2023/8/30,3823.2,3837.2,3800,3804.8,3810.4,96624,266376,-61.89
2023/8/31,3808.8,3816.6,3779,3787.6,3787.4,84190,267647,-66.53
2023/9/1,3805.6,3829.4,3796.6,3808,3805,82944,261446,-61.11
2023/9/4,3836.6,3877.4,3821.2,3869.6,3862.8,113538,268637,-66.05
2023/9/5,3858.8,3860.4,3829.6,3838.6,3836,87147,260052,-62.88
2023/9/6,3826.4,3840.6,3812,3829.8,3830.6,85023,264162,-57.97
2023/9/7,3821.2,3823.2,3771,3774,3779.2,105593,266646,-54.53
2023/9/8,3764,3774.2,3741.2,3752.6,3755.2,89800,259850,-48.21
2023/9/11,3760.6,3805.8,3747.4,3782,3783,124433,269842,-48.66
2023/9/12,3779.4,3792.2,3770,3779.8,3778,101485,260485,-47.8
2023/9/13,3779.8,3788.8,3732.6,3753,3745.4,139533,267989,-45.55
2023/9/14,3756,3764,3729.8,3750.2,3742,138882,263753,-42.69
2023/9/15,3758,3763.8,3715.6,3734.8,3725,151334,254967,-51.82
2023/9/18,3720.8,3765.2,3713,3754.2,3752.6,99289,252645,-52.49
2023/9/19,3746.2,3751,3726.4,3747.2,3745.2,77278,248937,-54.1
2023/9/20,3738.6,3747.2,3730,3731.2,3736.2,62392,245108,-52.51
2023/9/21,3720.6,3736.8,3692.8,3693.8,3702.2,86182,259821,-48.16
2023/9/22,3696.6,3774.6,3689.2,3774.4,3763.2,110370,263559,-63.07
2023/9/25,3766.4,3766.8,3736.2,3744,3741.2,68285,252539,-58.2
2023/9/26,3740.4,3751.2,3721.6,3725,3724.2,61285,255449,-60.71
2023/9/27,3725,3763.4,3722.6,3735.2,3737.4,88235,263490,-65.5
2023/9/28,3745,3746.4,3709.8,3715,3715.4,68411,260022,-59.28
2023/10/9,3705,3718.2,3661.2,3703.6,3706,92966,276414,-51.87
2023/10/10,3723.4,3729.4,3672.8,3675.2,3677.2,79157,267283,-49.07
2023/10/11,3693.6,3712.8,3676.4,3682.8,3682.8,80285,268045,-44.65
2023/10/12,3725.2,3733.6,3701.4,3722.6,3720.2,94990,269844,-49.62
2023/10/13,3698.4,3698.4,3675.8,3684.2,3681.8,75401,266309,-49.39
2023/10/16,3690.8,3690.8,3629.6,3639.2,3638.4,92765,275573,-40.4
2023/10/17,3647,3660.2,3635.2,3652,3649.2,89655,267879,-38
2023/10/18,3643.6,3650,3620.4,3623.4,3624.4,107975,276239,-36.22
2023/10/19,3601.6,3606.6,3538.8,3542.4,3550.6,149908,286856,-28.46
2023/10/20,3529.6,3544.6,3510.2,3525.4,3519.2,142129,269689,-36.01
2023/10/23,3511.4,3519,3453.6,3475.4,3468.2,119453,273369,-16.96
2023/10/24,3487,3509,3459.6,3492.6,3497.6,122707,278530,-22.47
2023/10/25,3532.4,3550.4,3510,3511.6,3517,107226,270265,-22.34
2023/10/26,3497.8,3531.2,3493,3526,3519.8,95317,276026,-28.26
2023/10/27,3516.8,3595,3509.2,3581,3584,122480,277438,-38.81
2023/10/30,3569.8,3607.4,3569.8,3594.6,3598.8,96853,270878,-28.03
2023/10/31,3587.6,3594,3565.8,3587.2,3583.2,75413,266514,-32.49
2023/11/1,3610,3610,3573.2,3584,3584.4,79913,268533,-27.77
2023/11/2,3594.8,3612,3565.2,3566.2,3570.4,76876,265520,-30.21
2023/11/3,3577,3614,3573,3596.8,3601,94325,273593,-29.66
2023/11/6,3620,3649.8,3618.6,3645.8,3641.6,97570,274225,-29.39
2023/11/7,3636.2,3645.8,3621,3634.8,3638.4,77971,270881,-33.64
2023/11/8,3625.6,3640.6,3600.6,3621.2,3612,92672,274517,-24.33
2023/11/9,3614.6,3638.6,3611.6,3624.8,3621.8,84419,269408,-27.17
2023/11/10,3607.8,3611,3585.2,3594.2,3595,84853,267530,-24.31
2023/11/13,3616.6,3617,3571.2,3593,3586.6,85193,270547,-26.79
2023/11/14,3599.6,3613.8,3578.4,3593,3588.4,100489,272157,-28.34
2023/11/15,3629,3636,3605.8,3617.8,3614,111426,272594,-26.75
2023/11/16,3610.4,3618,3579.8,3580.6,3586.6,110985,270829,-22.04
2023/11/17,3571,3582.6,3554.4,3573.8,3569.6,104137,263451,-13.93
2023/11/20,3578.8,3598,3547.4,3585.8,3585.2,91440,265374,-17.08
2023/11/21,3601.2,3629.8,3582.6,3592,3593,109386,272544,-14.53
2023/11/22,3581.2,3588.4,3552.4,3552.4,3558.8,77772,267670,-16.18
2023/11/23,3551.2,3576.6,3537.2,3575.2,3571.8,86531,274578,-19.68
2023/11/24,3567,3568.8,3537.8,3546.2,3544.8,78218,268887,-16.59
2023/11/27,3543.8,3544,3496.4,3520.4,3517,86062,273960,-13.66
2023/11/28,3515.4,3530.4,3505,3526,3523,69943,264862,-12.28
2023/11/29,3531.2,3531.2,3485.2,3499.8,3493.4,78608,274138,-14.49
2023/11/30,3499.2,3514.2,3488.4,3505,3503.2,78027,268787,-11.2
2023/12/1,3501.4,3501.8,3458,3486.6,3490.2,103735,286565,-3.92
2023/12/4,3489,3494.6,3459.8,3460.4,3464.6,85843,275159,-0.86
2023/12/5,3453.4,3453.4,3375.6,3378,3399.6,125723,284037,26.26
2023/12/6,3374.6,3416.4,3369.8,3388.2,3394.6,119041,271729,21.8
2023/12/7,3381.2,3399.8,3359.4,3385.6,3389.2,111413,273741,14.68
2023/12/8,3389.6,3407.2,3383.2,3392.8,3394.2,98117,265601,16.46
2023/12/11,3369.6,3433.2,3342,3419.6,3415.2,141967,281674,2.65
2023/12/12,3413,3432,3409.4,3429.2,3426.4,119616,267878,-2.2
2023/12/13,3419.4,3419.8,3362.2,3363.6,3372.2,133041,279734,10.61
2023/12/14,3384,3398.6,3344.2,3347.6,3354,147987,278601,3.76
2023/12/15,3366.6,3390.8,3332.4,3342.4,3338.2,171725,272093,3.15
2023/12/18,3329.4,3354.2,3305.4,3336.6,3333,92555,263142,-4.63
2023/12/19,3334.2,3359,3321,3346.4,3336.2,85554,267666,-13.76
2023/12/20,3350.6,3356.8,3310.6,3314.8,3320.4,88174,268730,-22.5
2023/12/21,3301.8,3362,3298.6,3349.8,3351.6,120032,279913,-22.93
2023/12/22,3347,3383,3332.4,3356.8,3355.6,120877,278686,-26.37
2023/12/25,3357.2,3374,3352.4,3364.6,3364.6,65035,266498,-21.55
2023/12/26,3364.8,3364.8,3331.8,3342,3341.8,74519,269675,-22.81
2023/12/27,3353.4,3359.6,3325.8,3350.6,3351.8,86982,270893,-18.24
2023/12/28,3348.8,3448.2,3347,3441.6,3438.8,138709,291028,-30.46
2023/12/29,3436.4,3457.6,3432.4,3448.8,3448.8,99138,273503,-21.49
2024/1/2,3449.8,3449.8,3395.4,3395.6,3402.6,87264,271999,-10.65
2024/1/3,3392.6,3405.2,3375.4,3389.4,3389.5,80076,269500,-10.5
2024/1/4,3386.2,3388,3329.6,3354,3352.9,102467,281230,-2.95
2024/1/5,3345,3381,3316.2,3335.6,3351.1,114815,274596,-2.89
2024/1/8,3329.6,3344.8,3276.6,3277.4,3305.2,122179,281180,13.66
2024/1/9,3286.4,3309.8,3273,3290.8,3290.4,109492,273094,8.7
2024/1/10,3279.2,3316.6,3265.4,3276.4,3288.8,108264,278255,9.73
2024/1/11,3275.8,3320.6,3271.8,3300.2,3296.3,111227,276920,1.27
2024/1/12,3282.4,3317.2,3282.4,3288.6,3298.5,94255,274426,-0.63
2024/1/15,3273,3314,3264.2,3281.2,3286.9,102843,275158,4.92
2024/1/16,3272.4,3302,3252.6,3300,3282.6,147753,288424,8.28
2024/1/17,3289.8,3291.4,3207.6,3216.4,3259.6,157136,284538,21.08
2024/1/18,3209.8,3244.2,3149.2,3232.2,3194.1,211922,299595,58.53
2024/1/19,3225,3254,3222.6,3238.6,3237.7,172308,291922,43.18
2024/1/22,3232.4,3251.4,3124.8,3161.2,3180.8,171421,282986,109.9
2024/1/23,3159,3229.2,3147,3203.6,3214,158429,278858,79.93
2024/1/24,3229.4,3259.4,3163.6,3257.2,3239,165989,283283,67.51
2024/1/25,3255.6,3334.2,3245.6,3328.4,3325.4,157303,275347,60.92
2024/1/26,3319.2,3341.8,3309.6,3321.2,3323.4,134290,273067,56.22
2024/1/29,3329.6,3343.8,3282.4,3283.4,3295.6,125703,267525,67.36
2024/1/30,3269.4,3283.4,3226.8,3227.6,3242.8,132127,273069,69.04
2024/1/31,3220.2,3240.6,3181.2,3197.8,3206.4,148069,269180,71.35
2024/2/1,3188.4,3236.4,3173.2,3198.8,3203.8,142252,272605,72.11
2024/2/2,3209,3219.4,3066.4,3148,3134,180464,282342,79.83
2024/2/5,3128.8,3176.8,3059.6,3127,3146.4,196408,287944,136.82
2024/2/6,3121,3276.2,3120.8,3275,3263,192037,280146,85.69
2024/2/7,3278,3318.2,3267.6,3306.8,3289,172421,277799,96.43
2024/2/8,3322,3353.2,3319.8,3340.8,3333.8,152345,275409,75.93
2024/2/19,3370.6,3375,3340.6,3361.2,3361.4,118693,260298,87.61
2024/2/20,3357.2,3380.2,3348,3371.8,3372.4,93478,260306,86.45
2024/2/21,3361.6,3492.4,3357.2,3442.4,3456.6,162597,279048,58.47
2024/2/22,3438.4,3472.6,3438,3471.2,3465.8,100164,266716,58.87
2024/2/23,3473,3491.8,3458.4,3475,3476,100070,266223,53.74
2024/2/26,3468.2,3476.8,3430.4,3432.4,3440.4,106407,265114,59.76
2024/2/27,3426.8,3484,3423.6,3484,3470.2,101895,260571,49.99
2024/2/28,3487.4,3512.4,3439.8,3442.2,3462,137593,270105,48.46
2024/2/29,3441.8,3505.8,3440.8,3502.2,3491.2,130012,263945,48.28
2024/3/1,3496.6,3536,3492,3526,3526.2,109603,262193,47.6
2024/3/4,3525,3533.8,3505.8,3514.4,3515,94055,256883,68.47
2024/3/5,3500.4,3536.2,3493.8,3524.6,3526.8,114809,260376,90.31
2024/3/6,3520,3558.6,3514.4,3523.8,3531.6,108509,254439,76.05
2024/3/7,3523.8,3547.2,3499.4,3503.6,3506.6,100836,252991,73.72
2024/3/8,3510.2,3523.4,3487.6,3516.2,3515.8,97541,249259,78.51
2024/3/11,3516,3561.8,3510.6,3560.8,3549,114303,253399,86.26
2024/3/12,3566.8,3583.6,3554.2,3573.6,3572.8,125457,253025,71.49
2024/3/13,3571.8,3573.6,3543.6,3552.8,3555.6,109610,249183,63.76
2024/3/14,3553.6,3578,3525.8,3543.2,3537.2,127173,255573,61.42
2024/3/15,3536.8,3554,3514.2,3552.6,3545,117160,234489,57.19
2024/3/18,3558.2,3584.2,3551.8,3583.2,3577.8,85666,236358,62.73
2024/3/19,3575.4,3591,3554.6,3558.8,3561.8,79247,233692,59.83
2024/3/20,3554.2,3571.8,3548.8,3562,3564.4,76779,231479,63.78
2024/3/21,3572.8,3585.2,3556.4,3561.2,3567.2,79063,234091,60.29
2024/3/22,3559.2,3559.2,3497.8,3514.6,3519.4,111480,245834,74.4
2024/3/25,3511.8,3538,3496.2,3530.4,3518.6,59857,227229,68.16
